ANALS_YM,CMPNM_NM,SIGNGU_NM,ADSTRD_NM,AREA_NM,MLSFC_NM,SCLAS_NM,JJINHBT_SALES_PRICE_RATE,JJINHBT_SALES_CO_RATE,OTSD_SALES_PRICE_RATE,OTSD_SALES_CO_RATE,ALL_SALES_PRICE_RATE,ALL_SALES_CO_RATE,VARTION_RT,RANK_CO,GID_ID
202312,(주)블루밍그릴,서귀포시,예래동,서귀포시내,한식,가정식,0.72,0.44,1.72,2.01,1.74,1.92,-0.48,14613,나나98b74a
202312,컴포즈커피외도점,제주시,외도동,제주시내,음료,커피,0.71,9.3,0.04,1.1,0.15,4.08,0.07,2786,다다00a00b
202312,친한친구분식,제주시,외도동,제주시내,간식,분식,0.01,0.12,0,0,0,0.04,0,6123,다다00b00b
202312,메가엠지씨커피제주이호로드점,제주시,이호동,제주시내,음료,커피,0.06,0.64,0.01,0.19,0.02,0.38,-0.38,14387,다다03a00b
202312,제주라면2호점,제주시,도두동,제주시내,한식,가정식,0.09,0.26,0.31,2.01,0.31,1.86,-0.62,14779,다다04a02a
202312,또바기,제주시,노형동,제주시내,한식,단품요리 전문,1.21,1.75,0.02,0.06,0.21,0.64,-0.17,13080,다나04b99b
202312,별미집,제주시,노형동,제주시내,한식,가정식,1.64,4.01,0.04,0.32,0.3,1.62,0.01,6118,다다04b00a
202312,너야말로진정회신제주점,제주시,노형동,제주시내,한식,단품요리 전문,0,0,0.02,0.09,0.02,0.08,-0.02,8104,다나05a99a
202312,후라이드의품격,제주시,노형동,제주시내,한식,단품요리 전문,0.05,0.17,0,0.01,0.01,0.07,-0.03,9035,다다05a00a
202312,몽키비치,서귀포시,중문동,서귀포시내,한식,단품요리 전문,0,0,0,0,0,0,0,6124,나나99b73b
202312,육회말투아웃,서귀포시,중문동,서귀포시내,한식,단품요리 전문,0.15,0.16,0.01,0.03,0.04,0.08,-0.02,8105,나나99b73b
202312,산촌오리외도점,제주시,외도동,제주시내,한식,오리,0.61,0.44,0,0,0.1,0.15,-0.06,10250,다다00b00a
202312,한솥도시락 제주외도동점,제주시,외도동,제주시내,기타,도시락,1.49,1.99,0,0.06,0.24,0.72,-0.01,7485,다나00b99b
202312,국대전,제주시,외도동,제주시내,한식,가정식,0.31,0.63,0.01,0.08,0.06,0.28,-0.08,11240,다나00b99b
202312,피자베이 노형점,제주시,노형동,제주시내,피자.치킨.햄버거,피자,0.44,0.99,0.02,0.06,0.09,0.39,-0.13,12375,다나04b99a
202312,카츠쿠,제주시,노형동,제주시내,아시아음식,일식,0.29,0.65,0.03,0.12,0.07,0.32,-0.07,10774,다나05a99b
202312,봉구비어노형점,제주시,노형동,제주시내,주점및주류판매,맥주/요리주점,0.82,1.59,0.02,0.05,0.15,0.57,0.03,4296,다다05a00a
202312,카페온,제주시,노형동,제주시내,음료,커피,0.18,0.68,0.02,0.15,0.04,0.36,-0.11,11922,다다05a00a
202312,아라차림,제주시,아라동,제주시내,한식,단품요리 전문,0.07,0.12,0.01,0.02,0.02,0.05,-0.02,8106,다나10b98a
202312,정담오리회전숯불구이,제주시,외도동,제주시내,한식,오리,1.73,0.32,0.05,0.08,0.32,0.17,0.06,3222,다나00a99b
202312,후라이드참맛있는집제주외도점,제주시,외도동,제주시내,한식,단품요리 전문,0.11,0.28,0.01,0.08,0.02,0.16,0.06,3223,다나00b99b
202312,명랑부대찌개 외도점,제주시,외도동,제주시내,한식,단품요리 전문,0.17,0.56,0.01,0.06,0.03,0.24,0.1,2054,다나00b99b
202312,탐라는집,제주시,도두동,제주시내,한식,가정식,0.03,0.08,0.01,0.08,0.02,0.09,0.03,4451,다다03b01b
202312,부산아지매집노형점부산아재,제주시,노형동,제주시내,한식,단품요리 전문,0.94,2.3,0.04,0.2,0.19,0.94,-0.03,8468,다나04a99a
202312,서서아이스크림(정존점),제주시,노형동,제주시내,간식,아이스크림/빙수,0.01,0.09,0,0,0,0.03,-0.03,8535,다나04b99b
202312,삼치고집,제주시,노형동,제주시내,아시아음식,일식,0.95,0.71,0.01,0.02,0.16,0.25,-0.13,12376,다다05a00a
202312,국밥생각노형점,제주시,노형동,제주시내,한식,국밥,1.63,5.52,0.05,0.41,0.31,2.21,0.13,1684,다나05a99a
202312,영락마을회관국수연동본점,제주시,연동,제주시내,한식,면류,0.13,0.37,0.12,0.66,0.14,0.71,-0.24,13702,다나06a99b
202312,카페델라,제주시,연동,제주시내,카페,커피,0.63,0.04,0,0,0.1,0.01,-0.01,7114,다다06b00a
202312,비바리순댓국본점,제주시,연동,제주시내,한식,단품요리 전문,0.16,0.42,0.01,0.05,0.03,0.18,-0.03,8536,다다06b00a
202312,신시가지횟집,서귀포시,대천동,서귀포시내,한식,회,0.37,0.4,0.08,0.11,0.13,0.23,0.02,5253,다나07a73b
202312,오직흑돼지,제주시,용담2동,제주시내,한식,돼지고기,0.56,0.16,0.76,1.13,0.81,1.05,-0.03,9077,다다07b03a
202312,오식당,제주시,용담2동,제주시내,한식,가정식,0.52,1.11,0.01,0.08,0.09,0.44,0.25,686,다다07b01b
202312,흥운김밥,제주시,용담2동,제주시내,간식,분식,0.03,0.13,0.01,0.1,0.01,0.13,-0.01,7486,다다08a03a
202312,주식회사아라온푸드 체육회관지점,제주시,오라동,제주시내,한식,단품요리 전문,0.3,0.58,0,0.01,0.05,0.2,0.08,2556,다다08a01a
202312,유건푸드,제주시,용담1동,제주시내,한식,단품요리 전문,0.09,0.24,0.03,0.17,0.05,0.23,-0.04,9527,다다08b02b
202312,동막골서사라점,제주시,삼도1동,제주시내,한식,단품요리 전문,3.52,8.18,0.09,0.56,0.64,3.23,-0.12,12320,다다08b01b
202312,미국식제주점,제주시,노형동,제주시내,패스트푸드,햄버거,0.17,0.4,0.13,0.71,0.15,0.76,-0.2,13347,다다05a00a
202312,난타5000 연동점,제주시,연동,제주시내,피자.치킨.햄버거,피자,0.07,0.16,0,0.03,0.01,0.08,-0.03,8537,다나05b98b
202312,탐라요정 신제주점,제주시,연동,제주시내,주점,주류,2.86,2.78,0.22,0.56,0.66,1.42,-0.04,9682,다나06a99b
202312,더키친 글라,제주시,연동,제주시내,양식,양식,1.65,1.27,0.09,0.17,0.34,0.57,-0.13,12345,다나06a99b
202312,정현이모,제주시,연동,제주시내,한식,단품요리 전문,0.26,1.39,0.02,0.21,0.06,0.65,0.27,579,다나06a99b
202312,에바돈가츠제주연동점,제주시,연동,제주시내,한식,돼지고기,0.04,0.08,0,0,0.01,0.03,0.02,5000,다다06b00a
202312,오늘김밥,제주시,연동,제주시내,간식,분식,0.52,3.62,0.02,0.27,0.1,1.45,0.13,1557,다나06b99b
202312,옹근집,제주시,오라동,제주시내,한식,가정식,0.26,0.35,0.09,0.06,0.13,0.17,-0.06,10554,다나07a99a
202312,마마무말가든,제주시,오라동,제주시내,한식,고기,0.43,0.16,0.33,0.44,0.38,0.44,-0.1,11665,다나07b98a
202312,국수냐국밥이냐,서귀포시,대륜동,서귀포시내,한식,가정식,0.16,0.71,0.04,0.29,0.06,0.49,0.13,1569,다나07b73b
202312,최고집,서귀포시,대륜동,서귀포시내,한식,단품요리 전문,1.48,0.48,0.15,0.2,0.38,0.33,-0.1,11760,다나07b73b
202312,카페봄봄,제주시,외도동,제주시내,음료,커피,0.48,6.52,0,0.18,0.08,2.34,-0.05,9765,다다00b00a
202312,일품순두부중문점,서귀포시,중문동,서귀포시내,한식,순두부,1.45,4.33,0.17,1.03,0.39,2.35,-0.2,13433,다나00b73b
202312,주식회사 키코앤일레인,서귀포시,중문동,서귀포시내,한식,가정식,0,0.16,0.02,0.12,0.02,0.16,0.01,5418,다나01a74a
202312,노형삼다오리,제주시,노형동,제주시내,한식,오리,1.07,0.52,0.01,0.02,0.18,0.19,-0.01,7487,다다05a00a
202312,동협한라회초밥,제주시,연동,제주시내,아시아음식,일식,0,0,0.01,0.03,0.01,0.03,-0.02,7954,다다05b00a
202312,해피소울라운지,제주시,연동,제주시내,한식,단품요리 전문,1.12,0.91,0.04,0.18,0.21,0.47,0.02,4797,다나05b99b
202312,성심돈,제주시,연동,제주시내,한식,돼지고기,0.49,0.37,0.01,0.03,0.09,0.15,0.03,4452,다다05b00a
202312,모이소,제주시,연동,제주시내,한식,단품요리 전문,0.06,0.32,0.55,3.39,0.53,3.1,-1.37,15059,다나06a99b
202312,해방,제주시,연동,제주시내,한식,단품요리 전문,1.52,1.03,0.13,0.29,0.36,0.6,-0.2,13348,다나06a99a
202312,임씨네왕갈비탕,서귀포시,대천동,서귀포시내,한식,갈비,0.25,0.64,0.03,0.15,0.07,0.35,-0.16,12894,다나07a73b
202312,아지참치,서귀포시,대천동,서귀포시내,아시아음식,참치,0.23,0.12,0.08,0.09,0.11,0.12,-0.04,9318,다나07a71b
202312,제주비스타케이월드컵,서귀포시,대륜동,서귀포시내,부페,뷔페,0.13,0.04,0.18,0.65,0.19,0.59,-0.12,12167,다나07b73b
202312,트레비어 제주본점,제주시,삼도1동,제주시내,주점및주류판매,맥주/요리주점,1.03,0.95,0.02,0.11,0.18,0.41,-0.02,7784,다다08b01a
202312,고구려,제주시,연동,제주시내,한식,단품요리 전문,2.26,1.55,0.04,0.08,0.39,0.59,-0.02,8273,다나05b98b
202312,오마뎅 제주연동점,제주시,연동,제주시내,한식,가정식,0.28,1.47,0,0.06,0.05,0.55,-0.02,8274,다나05b98b
202312,회사가는날,제주시,연동,제주시내,한식,가정식,0.25,0.16,0.03,0.05,0.07,0.09,-0.01,7010,다다05b00a
202312,공차,제주시,연동,제주시내,음료,커피,0.53,3.34,0.05,0.77,0.13,1.8,0,6125,다다06a00a
202312,도원꼬치튀김객,제주시,연동,제주시내,한식,가정식,0.06,0.04,0,0.03,0.01,0.04,0.04,4072,다나06a99b
202312,청담회장님댁제주점,제주시,연동,제주시내,한식,단품요리 전문,0.21,0.08,0,0,0.03,0.03,-0.03,8538,다나06b99b
202312,호연장,제주시,연동,제주시내,한식,단품요리 전문,0.01,0.03,0,0,0,0.01,-0.01,7115,다나06b99b
202312,아임누,제주시,연동,제주시내,한식,단품요리 전문,0.11,0.95,0,0.02,0.02,0.33,0.06,3224,다나07a99b
202312,제주양반갈비법환점,서귀포시,대륜동,서귀포시내,한식,갈비,1.78,1.15,0.23,0.38,0.5,0.72,-0.02,8275,다나07a71b
202312,케미이모,서귀포시,대륜동,서귀포시내,한식,단품요리 전문,0.02,0.19,0,0,0,0.06,-0.01,7011,다나07b73b
202312,고수참치 오마카세,제주시,용담2동,제주시내,일식.회,회,0.43,0.2,0.08,0.08,0.14,0.13,-0.04,9528,다다07b02a
202312,샐러드윤,제주시,용담2동,제주시내,한식,단품요리 전문,0.01,0.08,0,0,0,0.03,0.02,5001,다다08a02b
202312,고기짱,제주시,용담2동,제주시내,한식,단품요리 전문,0.16,0.24,0,0.02,0.03,0.09,-0.05,9937,다다08a02b
202312,팡포차,제주시,용담1동,제주시내,한식,가정식,0.08,0.15,0,0.01,0.01,0.06,-0.03,8539,다다08a01b
202312,그집글라,제주시,오라동,제주시내,한식,단품요리 전문,0.57,2.66,0.09,0.8,0.17,1.6,-0.91,14957,다다08a01a
202312,만장일치본점,제주시,삼도2동,제주시내,한식,가정식,0.88,0.87,0.05,0.15,0.19,0.43,0.15,1400,다다09a03a
202312,금하식당,서귀포시,대륜동,서귀포시내,한식,가정식,0.31,0.83,0.05,0.29,0.09,0.53,0.34,408,다나09a74a
202312,곰솔해장국,제주시,삼도2동,제주시내,한식,해장국,0.09,0.17,0,0,0.01,0.06,-0.04,9319,다다09a02a
202312,올댓제주,제주시,건입동,제주시내,주점,주류,0.1,0.04,0,0,0.02,0.01,0.05,3648,다다09b03a
202312,대패랑 도남점,제주시,이도2동,제주시내,한식,단품요리 전문,0.75,0.75,0,0.02,0.12,0.27,0.09,2443,다다09b00a
202312,장미맨숀제주시청점,제주시,이도2동,제주시내,주점및주류판매,맥주/요리주점,0.92,0.95,0.03,0.09,0.18,0.4,0.07,3067,다다09b01a
202312,육십짬뽕,제주시,이도2동,제주시내,아시아음식,중식,0.09,0.2,0.01,0.03,0.02,0.09,0.13,1570,다다10a00b
202312,불닭공장신산점,제주시,일도2동,제주시내,한식,치킨,1.34,2.19,0,0.02,0.22,0.74,-0.22,13547,다다10a02a
202312,토스트카페마리 제주이도점,제주시,이도2동,제주시내,간식,커피,0.33,2.54,0.01,0.09,0.06,0.93,0.45,252,다다10a00b
202312,비비큐 남광점,제주시,이도2동,제주시내,패스트푸드,치킨,0.54,1.31,0.01,0.08,0.1,0.51,0.1,2157,다다10b00b
202312,아빠가만든찜,제주시,건입동,제주시내,한식,가정식,0.58,0.95,0,0,0.09,0.32,-0.04,9220,다다10b02b
202312,츄러스1500제주이도점,제주시,이도2동,제주시내,간식,베이커리,0.22,1.75,0,0.09,0.04,0.67,0.08,2726,다다10b00a
202312,싱겟물바당,제주시,이도2동,제주시내,한식,단품요리 전문,0.35,0.48,0.03,0.11,0.08,0.25,-0.03,8540,다다11a01b
202312,카페인동광,제주시,일도2동,제주시내,한식,커피,0.02,0.08,0,0,0,0.03,-0.03,8541,다다11a02a
202312,웨이브메이커컴퍼니 주식회사,제주시,아라동,제주시내,아시아음식,일식,1.95,0.83,0.09,0.08,0.39,0.35,-0.04,9221,다다11a00a
202312,수컴퍼니,제주시,일도2동,제주시내,양식,양식,0.21,0.08,0.11,0.06,0.14,0.08,-0.04,9389,다다11a02a
202312,얄개,제주시,일도2동,제주시내,한식,단품요리 전문,0.36,0.44,0,0,0.06,0.15,-0.01,6970,다다11a01b
202312,혜화어묵당제주점,제주시,삼도1동,제주시내,주점및주류판매,꼬치구이,0.27,0.36,0,0.02,0.05,0.13,-0.06,10251,다다08b01b
202312,으뜸아이스크림전문점(서광점),제주시,삼도1동,제주시내,간식,아이스크림/빙수,0.19,2.15,0,0.1,0.03,0.81,-0.26,13837,다다09a01a
202312,하루방보쌈,제주시,삼도2동,제주시내,한식,보쌈,8.48,7.67,0.25,0.57,1.58,3.07,-0.46,14571,다다09a03a
202312,장미카페,제주시,이도1동,제주시내,음료,커피,0.03,0.07,0,0,0.01,0.02,-0.01,7116,다다09a02b
202312,빠름,제주시,삼도1동,제주시내,아시아음식,중식,0.42,0.91,0,0.03,0.07,0.33,0.05,3707,다다09a01a
202312,순백,제주시,이도1동,제주시내,한식,단품요리 전문,0.24,1.51,0,0.03,0.04,0.53,0.29,536,다다09b01a
202312,일품순두부청사점,제주시,이도2동,제주시내,한식,순두부,1.91,5.56,0.03,0.21,0.33,2.05,0.34,397,다다09b00a
202312,금별맥주 제주시청점,제주시,이도2동,제주시내,주점및주류판매,맥주/요리주점,0.47,0.62,0.02,0.07,0.1,0.27,1.06,46,다다09b01a
202312,솔지시청점,제주시,이도2동,제주시내,한식,가정식,1.86,1.35,0.15,0.3,0.44,0.72,-0.06,10216,다다10a01a
202312,통시돈,제주시,일도2동,제주시내,한식,돼지고기,2.78,1.95,0.06,0.09,0.5,0.73,-0.1,11666,다다10a02b
202312,친구야한잔하자,제주시,이도2동,제주시내,주점및주류판매,맥주/요리주점,0.14,0.24,0,0.02,0.03,0.09,0,6126,다다10a01a
202312,초우,제주시,일도2동,제주시내,한식,가정식,0.39,0.32,0.02,0.02,0.08,0.12,0.11,1870,다다10a02a
202312,마식당,제주시,일도2동,제주시내,한식,가정식,0.36,0.68,0,0.02,0.06,0.24,-0.07,10704,다다10b02b
202312,김반장,제주시,일도2동,제주시내,한식,가정식,1.87,1.19,0,0,0.3,0.4,-0.04,9683,다다10b01b
202312,동문야시장,제주시,일도1동,제주시내,한식,단품요리 전문,0.13,1.07,0.33,4.96,0.33,4.74,-1.16,15022,다다09b02b
202312,던킨도너츠 제주시청점,제주시,이도2동,제주시내,카페,커피,1.72,10.05,0.04,0.69,0.31,3.98,-0.41,14467,다다09b01a
202312,만두사랑,제주시,이도2동,제주시내,간식,만두,0.07,0.56,0,0.02,0.01,0.2,-0.11,12057,다다09b00b
202312,중식당제주법원점,제주시,이도2동,제주시내,아시아음식,중식,1.91,8.03,0.07,0.75,0.37,3.35,-0.85,14937,다다10a00b
202312,메종드쁘티푸르,제주시,아라동,제주시내,베이커리.디저트,베이커리,4.14,12.28,0.08,0.57,0.73,4.62,-0.82,14926,다다11a00a
202312,언니네점빵카페포차,제주시,이도2동,제주시내,음료,베이커리,0,0,0,0.01,0,0,0,6127,다다11a00b
202312,돈사향서귀포점,서귀포시,천지동,서귀포시내,한식,돼지고기,0.2,0.16,0.1,0.17,0.13,0.2,-0.02,8276,다나12b73b
202312,자담치킨 제주서귀포점,서귀포시,중앙동,서귀포시내,피자.치킨.햄버거,치킨,0.07,0.12,0.01,0.06,0.02,0.09,0.03,4453,다나12b73b
202312,주먹밥이야기,제주시,화북동,제주시내,한식,단품요리 전문,0.23,1.47,0.01,0.08,0.04,0.56,0.07,3068,다다13a03b
202312,제주흑돼지마씸,제주시,삼도2동,제주시내,한식,돼지고기,0.19,0.12,0.5,0.81,0.5,0.76,-0.18,13206,다다09a03a
202312,영흥반점 이도점,제주시,이도1동,제주시내,중식,중식,0.28,0.6,0.01,0.08,0.05,0.27,0.26,613,다다09a02a
202312,다우인푸드,제주시,이도2동,제주시내,한식,단품요리 전문,0.09,0.12,0.01,0.09,0.02,0.12,-0.03,8542,다다09a00a
202312,남문숯불바베큐&치킨 본점,제주시,삼도2동,제주시내,피자.치킨.햄버거,치킨,2.09,3.26,0.01,0.06,0.34,1.14,0.12,1694,다다09a02a
202312,시민명가,제주시,삼도2동,제주시내,한식,단품요리 전문,0.22,0.64,0,0,0.04,0.21,0,6128,다다09a01b
202312,모드락탑동점,제주시,건입동,제주시내,한식,단품요리 전문,0.67,1.11,0.33,1.09,0.41,1.33,0.24,702,다다09a03a
202312,쁘티,제주시,이도2동,제주시내,한식,단품요리 전문,0.25,2.66,0,0.03,0.04,0.92,0.06,3404,다다10a00b
202312,컴포즈커피제주동초교점,제주시,일도2동,제주시내,음료,커피,0.25,2.95,0.01,0.36,0.05,1.31,0.22,801,다다10a02b
202312,베이커리우빵,제주시,이도2동,제주시내,간식,베이커리,0.34,1.35,0.02,0.2,0.07,0.63,0.25,646,다다10a01a
202312,미묘,제주시,이도2동,제주시내,한식,단품요리 전문,1.61,0.71,0.04,0.06,0.29,0.29,-0.08,11112,다다11a00b
202312,BHC치킨 제주인제점,제주시,일도2동,제주시내,피자.치킨.햄버거,치킨,1.1,2.98,0.01,0.05,0.18,1.04,-0.1,11877,다다11a01b
202312,제주보리촌,제주시,이도2동,제주시내,간식,베이커리,0.1,0.52,0,0,0.02,0.17,0.01,6076,다다11a00b
202312,라우나 (La UNA),제주시,아라동,제주시내,양식,양식,0.42,0.29,0.02,0.03,0.09,0.12,-0.03,8543,다나11b98a
202312,한스델리 제주서귀포점,서귀포시,중앙동,서귀포시내,양식,패밀리 레스토랑,0.7,1.95,0.02,0.15,0.13,0.78,-0.04,9684,다나12b73a
202312,우녁집,서귀포시,정방동,서귀포시내,한식,가정식,0.72,0.45,0.16,0.28,0.27,0.4,-0.37,14355,다나12b73a
202312,청년다방 서귀포점,서귀포시,중앙동,서귀포시내,음료,커피,0.17,0.44,0,0.03,0.03,0.17,0.15,1375,다나12b73b
202312,깨끗한집,서귀포시,중앙동,서귀포시내,한식,가정식,0.07,0.24,0.03,0.21,0.04,0.27,-0.05,10087,다나12b73b
202312,서귀포생고기,서귀포시,동홍동,서귀포시내,한식,단품요리 전문,0.36,0.54,0.01,0.02,0.07,0.2,-0.09,11564,다나13b73b
202312,제주보쌈 삼화점,제주시,화북동,제주시내,고기,보쌈,0.35,0.56,0,0.02,0.06,0.2,0.11,1938,다다14a03a
202312,산들치킨일도점,제주시,일도2동,제주시내,패스트푸드,치킨,0.07,0.2,0,0,0.01,0.07,0.01,5908,다다10b01b
202312,아이스크림할인점,제주시,아라동,제주시내,간식,아이스크림/빙수,0.44,3.14,0,0.08,0.07,1.12,0.23,748,다나11a98a
202312,추사밥상월정,제주시,아라동,제주시내,한식,가정식,0.38,0.4,0.01,0.05,0.07,0.17,0.09,2341,다나11a98b
202312,뚜레쥬르 제주이도베라체점,제주시,아라동,제주시내,간식,베이커리,3.7,14.78,0.07,0.66,0.65,5.53,0.16,1194,다다11a00a
202312,아저씨퓨전포차,제주시,일도2동,제주시내,한식,단품요리 전문,0.15,0.16,0.01,0.02,0.04,0.07,-0.01,7488,다다11a01b
202312,제주도그녀,제주시,이도2동,제주시내,한식,단품요리 전문,0.29,1.51,0,0.05,0.05,0.55,-0.21,13501,다다11b00b
202312,지코바치킨 아라점,제주시,아라동,제주시내,패스트푸드,치킨,0.27,0.75,0,0.03,0.05,0.28,-0.14,12559,다나11b98b
202312,만복김밥,제주시,화북동,제주시내,간식,분식,0.21,0.99,0.02,0.23,0.05,0.53,-0.08,11241,다다12b01b
202312,지꺼진식당,제주시,화북동,제주시내,한식,가정식,0.26,0.52,0,0.02,0.04,0.19,0.22,802,다다13a03b
202312,야간학교,서귀포시,동홍동,서귀포시내,한식,가정식,0.24,0.6,0.01,0.06,0.05,0.25,0,6129,다나13b74a
202312,사랑회요,서귀포시,동홍동,서귀포시내,한식,단품요리 전문,0.79,0.32,0.01,0.02,0.13,0.12,-0.03,8544,다나13b74a
202312,커피초아,제주시,화북동,제주시내,음료,커피,0.14,0.75,0,0,0.02,0.25,0.07,2837,다다14a03a
202312,커피516,서귀포시,동홍동,서귀포시내,음료,커피,0.03,0.12,0,0.02,0.01,0.05,0.05,3553,다나14a74a
202312,외도다해네삼화점,제주시,삼양동,제주시내,한식,가정식,0.64,1.55,0.01,0.05,0.11,0.56,0.09,2444,다다14b02b
202312,크로와상 제주빵집,제주시,삼양동,제주시내,베이커리.디저트,베이커리,1.93,8.74,0.02,0.21,0.33,3.11,0.02,4798,다다14b03a
202312,대원아구찜,제주시,삼양동,제주시내,한식,아구찜,0.12,0.15,0,0,0.02,0.05,0.02,5002,다다14b03b
202312,동막골삼화점,제주시,삼양동,제주시내,한식,가정식,1.32,3.1,0.04,0.2,0.25,1.21,0.07,2789,다다14b03b
202312,컬투치킨&포차 삼화점,제주시,삼양동,제주시내,피자.치킨.햄버거,치킨,0.23,0.4,0,0,0.04,0.13,0,6130,다다15a03b
202312,오야짬뽕,제주시,봉개동,제주시내,아시아음식,중식,1.26,3.22,0,0.02,0.2,1.09,0.04,4280,다다15b00a
202312,고기프로,서귀포시,동홍동,서귀포시내,한식,단품요리 전문,1.13,2.93,0.02,0.13,0.2,1.1,-0.27,13959,다나13b73b
202312,제과빵빵,서귀포시,효돈동,서귀포시내,간식,베이커리,0.11,0.44,0.01,0.2,0.03,0.32,-0.07,10775,다나17a75a
202312,백금당제주점,제주시,아라동,제주시내,음료,커피,0.49,1.27,0.01,0.03,0.08,0.45,-0.06,10252,다다11a00a
202312,케이빈,제주시,아라동,제주시내,한식,단품요리 전문,0.38,1.79,0.01,0.11,0.07,0.69,-0.02,7780,다나11b98b
202312,고도500,제주시,아라동,제주시내,한식,가정식,0.36,1.71,0.07,0.68,0.13,1.17,-0.1,11656,다나12a94a
202312,투다리한라점,제주시,화북동,제주시내,주점및주류판매,꼬치구이,0.6,0.75,0.01,0.02,0.1,0.27,-0.09,11578,다다13a03b
202312,주식회사 바다어멍,서귀포시,정방동,서귀포시내,한식,단품요리 전문,0.13,0.12,1.56,2.41,1.49,2.17,-0.5,14639,다나13a73a
202312,독도참치 서귀포점,서귀포시,중앙동,서귀포시내,일식.회,회,0.39,0.28,0.01,0.02,0.07,0.11,-0.03,8545,다나13a73a
202312,서귀포괸당네갈치요리집,서귀포시,송산동,서귀포시내,한식,단품요리 전문,0.08,0.04,0.12,0.35,0.13,0.32,-0.01,7489,다나13a72b
202312,서울불고기,서귀포시,동홍동,서귀포시내,한식,단품요리 전문,0.6,1.15,0.02,0.05,0.11,0.43,0.06,3225,다나13b73b
202312,새터우동이랑충무김밥,서귀포시,동홍동,서귀포시내,간식,우동,0.09,0.16,0,0.02,0.02,0.07,0.01,5909,다나13b73b
202312,고봉민김밥인 화북점,제주시,화북동,제주시내,분식,분식,0.22,1.27,0,0.02,0.04,0.44,0.18,1047,다다14a02b
202312,수원왕,제주시,삼양동,제주시내,한식,가정식,3.21,2.07,0.05,0.05,0.55,0.73,-0.02,8277,다다14b03b
202312,핸즈커피도련점,제주시,삼양동,제주시내,음료,커피,0.33,1.31,0,0.02,0.05,0.45,0.04,4205,다다15a01b
202312,항골,제주시,이호동,제주시내,한식,단품요리 전문,0.26,0.16,0.02,0.03,0.06,0.08,0.05,3554,다다03a01a
202312,위즈커피,제주시,외도동,제주시내,카페,커피,0.65,3.1,0.01,0.14,0.11,1.16,0.11,1845,다다00b00a
202312,꽃이피다,제주시,노형동,제주시내,한식,단품요리 전문,0.01,0.04,0,0,0,0.01,-0.01,7117,다나05a98b
202312,도두어부의밥상,제주시,도두동,제주시내,한식,가정식,0.29,0.48,0.15,0.47,0.19,0.57,-0.04,9204,다다04a01b
202312,일등본가,제주시,노형동,제주시내,한식,가정식,0.68,1.15,0.01,0.03,0.11,0.41,0.04,3872,다다04b00a
202312,진군길40,제주시,노형동,제주시내,한식,단품요리 전문,0.5,0.28,0.02,0.03,0.1,0.12,-0.09,11471,다나05a98b
202312,아비꼬제주노형점,제주시,노형동,제주시내,한식,단품요리 전문,0.41,1.04,0.02,0.14,0.09,0.47,-0.07,10663,다나05b99b
202312,숙성1퍼센트,제주시,노형동,제주시내,한식,단품요리 전문,0,0,0.05,0.06,0.04,0.05,0.03,4454,다나05b99b
202312,연동돈우가,제주시,연동,제주시내,한식,돼지고기,0.66,0.4,0.01,0.02,0.12,0.15,0.08,2557,다다05b00b
202312,호야네꼬마김밥,제주시,연동,제주시내,간식,분식,0.11,0.56,0.01,0.08,0.02,0.25,-0.03,8546,다다06a00a
202312,달빛맥주 서귀포 신시가지점,서귀포시,대천동,서귀포시내,주점및주류판매,맥주/요리주점,0.4,0.68,0.04,0.06,0.1,0.28,0.08,2727,다나07a73b
202312,마녀의 언덕 카페,서귀포시,예래동,서귀포시내,카페,커피,0.19,0.52,0.21,1.3,0.22,1.32,-0.53,14690,나나96a71b
202312,퍼랭,서귀포시,예래동,서귀포시내,아시아음식,일식,0.38,0.12,0.52,0.62,0.55,0.59,-0.09,11394,나나98b74b
202312,돌카롱중문점,서귀포시,중문동,서귀포시내,간식,디저트,0.03,0.04,0.13,0.82,0.13,0.73,-0.09,11395,나나99b74a
202312,중문착한고기식육식당,서귀포시,중문동,서귀포시내,한식,가정식,1.26,0.83,0.16,0.21,0.35,0.47,-0.06,10253,나나99b73b
202312,샵분식집,서귀포시,중문동,서귀포시내,간식,분식,0,0.04,0,0,0,0.02,-0.02,8029,다나00a73b
202312,남문숯불바베큐앤치킨외도점,제주시,외도동,제주시내,패스트푸드,치킨,0.15,0.26,0.01,0.04,0.03,0.12,-0.02,7816,다다00b00a
202312,통큰국밥,제주시,외도동,제주시내,한식,국밥,0.74,2.62,0.01,0.05,0.12,0.92,-0.08,11329,다다00b00a
202312,투망,제주시,도두동,제주시내,한식,가정식,0,0,0.19,0.2,0.18,0.17,0.05,3708,다다03b01b
202312,매코미호프,제주시,노형동,제주시내,주점및주류판매,맥주/요리주점,0.16,0.2,0,0,0.03,0.07,0.03,4455,다나04b99b
202312,국수&전,제주시,노형동,제주시내,한식,가정식,1.51,3.06,0.03,0.17,0.27,1.17,-0.32,14151,다나04b99b
202312,프랩베이커리,제주시,연동,제주시내,간식,베이커리,0.3,1.64,0.01,0.09,0.06,0.63,-0.13,12377,다다05a00b
202312,쭈슐랭,제주시,노형동,제주시내,한식,단품요리 전문,0.45,0.56,0.04,0.08,0.11,0.25,0.03,4297,다나05b99a
202312,파사삭행목,제주시,연동,제주시내,한식,단품요리 전문,0.08,0.44,0.02,0.23,0.03,0.35,-0.13,12355,다다06a00a
202312,렛미인,제주시,연동,제주시내,한식,단품요리 전문,0.14,0.04,0,0,0.02,0.01,0.02,5129,다나06a99a
202312,마루엔파니야,제주시,용담2동,제주시내,한식,단품요리 전문,0.11,0.28,0.42,1.99,0.41,1.85,-0.59,14753,다다06a03a
202312,중문해녀의집,서귀포시,중문동,서귀포시내,한식,가정식,0.03,0.04,0.02,0.05,0.02,0.05,0.09,2310,나나99a72b
202312,탐라도서관구내식당및매점,제주시,노형동,제주시내,한식,구내식당/푸드코트,0.46,4.9,0.01,0.26,0.09,1.87,-0.22,13619,다나04b99a
202312,중문미리내김밥,서귀포시,중문동,서귀포시내,간식,분식,0.07,0.4,0.02,0.21,0.03,0.32,-0.02,8278,나나99b73b
202312,도두대경,제주시,도두동,제주시내,한식,단품요리 전문,0,0,0.12,0.11,0.11,0.09,0.1,2072,다다04b02a
202312,돈자루,제주시,노형동,제주시내,한식,돼지고기,0.61,0.44,0.01,0.02,0.1,0.16,0.02,5254,다다05a00a
202312,돌돌왕십리야채곱창,제주시,노형동,제주시내,한식,곱창,0.18,0.44,0,0.03,0.03,0.17,0.05,3709,다다05a00a
202312,국밥어머니솜씨,제주시,노형동,제주시내,한식,국밥,0.27,0.71,0,0.02,0.05,0.25,0,6131,다다05a00a
202312,노형호수,제주시,노형동,제주시내,한식,단품요리 전문,1.46,2.19,0.04,0.11,0.27,0.82,-0.13,12378,다다05a00a
202312,빨강코끼리,제주시,노형동,제주시내,한식,가정식,0.48,1.23,0.05,0.29,0.13,0.67,-0.04,9685,다다05a00a
202312,난타5000연동신광점,제주시,연동,제주시내,패스트푸드,피자,0.33,0.91,0,0.02,0.05,0.32,-0.11,12058,다다05b00a
202312,이자카야1117,제주시,연동,제주시내,아시아음식,일식,1.11,0.83,0.1,0.11,0.27,0.37,-0.29,14022,다나06a99a
202312,돼지목장,제주시,연동,제주시내,한식,돼지고기,0.26,0.2,0.05,0.06,0.09,0.12,-0.02,7817,다나06a99b
202312,신제주신신불닭발연동,제주시,연동,제주시내,한식,치킨,1.37,1.95,0.04,0.17,0.25,0.8,0.18,1084,다나06a99b
202312,부산할매아구찜연동점,제주시,연동,제주시내,한식,아구찜,0.52,0.79,0,0,0.08,0.27,0.01,5419,다다06b00a
202312,토크쇼코스모스점,제주시,연동,제주시내,한식,단품요리 전문,0.2,0.32,0,0,0.03,0.11,-0.08,11179,다나06b99b
202312,조바기,제주시,용담2동,제주시내,한식,가정식,0.5,0.68,0,0,0.08,0.23,0.05,3487,다다08a02a
202312,황궁식당,서귀포시,대륜동,서귀포시내,한식,가정식,0.06,0.08,0,0,0.01,0.03,0.06,3226,다나07b72a
202312,뚱이네민물장어,제주시,용담2동,제주시내,한식,장어,0.16,0.12,0.01,0.01,0.03,0.05,-0.02,8107,다다08a02a
202312,픽업,제주시,용담2동,제주시내,한식,단품요리 전문,0.13,0.59,0,0.04,0.02,0.23,-0.07,10776,다다08a02b
202312,쩐의,제주시,오라동,제주시내,한식,가정식,0.3,0.64,0.01,0.02,0.05,0.23,-0.05,10088,다다08a01a
202312,(주)코드넷,제주시,오라동,제주시내,한식,단품요리 전문,2.12,23.16,0.09,3.05,0.42,10.44,-0.98,14988,다다08a00a
202312,골목집갈비,제주시,삼도1동,제주시내,한식,갈비,1.66,0.91,0.02,0.05,0.28,0.35,0.01,5420,다다08b01b
202312,서흘포가든 서사라점,제주시,오라동,제주시내,한식,가정식,1.97,1.07,0.03,0.08,0.34,0.43,-0.12,12168,다다08b00b
202312,오라장어,제주시,오라동,제주시내,한식,장어,3.11,1.17,0.02,0.02,0.51,0.41,-0.15,12703,다다08b00b
202312,제주노량진회센타,제주시,삼도2동,제주시내,한식,회,0.1,0.28,0.05,0.2,0.07,0.27,-0.06,10563,다다09a03a
202312,다소재티하우스,제주시,삼도2동,제주시내,한식,단품요리 전문,0.06,0.2,0,0.03,0.01,0.09,-0.08,11180,다다09a01b
202312,토대력스마일점,제주시,삼도1동,제주시내,주점및주류판매,꼬치구이,0.81,1.19,0.02,0.06,0.15,0.45,-0.06,10254,다다09a01a
202312,2에프,제주시,이도2동,제주시내,주점및주류판매,맥주/요리주점,1.42,1.87,0.02,0.05,0.24,0.67,-0.18,13207,다다09b01a
202312,돼지구이연구소,제주시,이도1동,제주시내,한식,돼지고기,1.23,2.62,0.06,0.29,0.25,1.13,-0.19,13235,다다09b01b
202312,벌크커피 제주시청점,제주시,이도2동,제주시내,음료,커피,0.44,4.85,0.01,0.27,0.08,1.86,-0.35,14282,다다09b01a
202312,골드문,제주시,연동,제주시내,한식,단품요리 전문,0.57,0.12,0,0,0.09,0.04,-0.03,8547,다다06a00a
202312,달리는커피혁신도시점,서귀포시,대천동,서귀포시내,음료,커피,0.07,0.4,0,0.02,0.01,0.15,0.04,3946,다나07a73b
202312,BHC치킨 신서귀포점,서귀포시,대륜동,서귀포시내,피자.치킨.햄버거,치킨,0.25,0.75,0.04,0.24,0.08,0.47,0.14,1430,다나07b73b
202312,카페쏘해피,제주시,삼도1동,제주시내,음료,커피,0.11,0.64,0.01,0.14,0.03,0.33,-0.06,10255,다다08b01b
202312,엘오유엔쥐이,제주시,건입동,제주시내,한식,단품요리 전문,0.07,0.07,0,0.01,0.01,0.03,0,6132,다다09a03a
202312,주식회사 제이에스디비,제주시,건입동,제주시내,한식,단품요리 전문,0.41,2.11,0.14,1.76,0.2,2.26,0.33,422,다다09b03a
202312,오마오,제주시,이도2동,제주시내,한식,가정식,0.17,0.19,0.01,0.02,0.03,0.08,-0.04,9390,다다09b01a
202312,밀팟제주,제주시,이도2동,제주시내,한식,단품요리 전문,0.36,1.71,0,0.02,0.06,0.59,-0.2,13349,다나09b99b
202312,한끼맛있다제주시청점,제주시,이도2동,제주시내,한식,단품요리 전문,0.55,1.39,0.01,0.08,0.1,0.53,-0.12,12313,다다09b01a
202312,광양이조,제주시,이도2동,제주시내,한식,단품요리 전문,0.55,1.35,0.01,0.05,0.09,0.49,0,6133,다다09b01a
202312,응다팔아2023,제주시,건입동,제주시내,한식,가정식,0.05,0.16,0,0,0.01,0.05,0.04,4138,다다10a02b
202312,와로타,제주시,연동,제주시내,아시아음식,일식,0.17,0.21,0.03,0.14,0.06,0.19,-0.01,7490,다나06a99a
202312,우리전골먹으러가게,제주시,용담2동,제주시내,한식,가정식,0.27,0.36,0.02,0.03,0.06,0.15,-0.06,10256,다다07b02b
202312,스톤,서귀포시,대천동,서귀포시내,양식,양식,0.46,0.4,0.07,0.11,0.14,0.23,-0.04,9529,다나07a73b
202312,남문숯불바베큐앤치킨 정실점,제주시,오라동,제주시내,피자.치킨.햄버거,치킨,1.17,1.71,0.02,0.08,0.21,0.64,-0.16,12948,다나07b98a
202312,오늘의 아이스크림(서서),서귀포시,대륜동,서귀포시내,간식,아이스크림/빙수,0.18,1.45,0,0.07,0.03,0.55,0,6134,다나08b73a
202312,감성커피제주이도점,제주시,이도2동,제주시내,음료,커피,0.07,1.07,0,0.09,0.01,0.43,-0.05,9796,다다10a00b
202312,왕고집찜마을 동태탕,서귀포시,서홍동,서귀포시내,한식,단품요리 전문,0.66,0.9,0,0.02,0.11,0.32,0.01,5421,다나12a75a
202312,돈백꽃서귀포점,서귀포시,천지동,서귀포시내,한식,돼지고기,0.62,0.48,0.17,0.33,0.26,0.45,-0.16,12949,다나12a73a
202312,어머니와보리밥,서귀포시,천지동,서귀포시내,한식,단품요리 전문,0.04,0.12,0,0.03,0.01,0.07,-0.01,7491,다나12b73a
202312,황금어장,서귀포시,중앙동,서귀포시내,한식,가정식,0.71,0.68,0.63,2.14,0.7,2.12,-0.35,14283,다나12b73a
202312,포차천국 서귀포점,서귀포시,정방동,서귀포시내,한식,가정식,0.28,0.37,0.01,0.04,0.05,0.16,-0.02,7818,다나12b73a
202312,출세하는날,제주시,용담2동,제주시내,한식,가정식,0.13,0.08,0.01,0.02,0.03,0.04,0.08,2678,다다07b02a
202312,유썬앤,제주시,용담1동,제주시내,한식,단품요리 전문,0.05,0.12,0,0,0.01,0.04,-0.03,8548,다다08a02a
202312,막숙해담식당,서귀포시,대륜동,서귀포시내,한식,가정식,0.29,0.75,0.01,0.09,0.06,0.33,-0.02,8279,다나08a72a
202312,카페달,제주시,오라동,제주시내,음료,커피,0.01,0.04,0,0,0,0.01,0.02,5130,다다08b00b
202312,희노애락,제주시,삼도2동,제주시내,한식,단품요리 전문,0.14,0.13,0.01,0.05,0.03,0.09,-0.07,10740,다다09a02b
202312,샤롯데,제주시,이도1동,제주시내,한식,단품요리 전문,0.02,0.04,0,0,0,0.01,0.02,5131,다다09a02b
202312,아궁이연탄집,제주시,삼도1동,제주시내,한식,고기,0.32,0.24,0.23,0.42,0.27,0.45,-0.07,10777,다다09a01a
202312,또올레포차,제주시,이도2동,제주시내,한식,가정식,0.1,0.12,0.01,0.02,0.02,0.06,-0.04,9320,다다09b00b
202312,산지해장국,제주시,건입동,제주시내,한식,해장국,2.42,6.75,0.78,4.67,1.12,6.39,-0.93,14964,다다09b03a
202312,연숙식당,제주시,이도1동,제주시내,한식,가정식,0.06,0.04,0,0.03,0.01,0.04,0.06,3195,다다09b01b
202312,치킨플러스,제주시,이도1동,제주시내,패스트푸드,치킨,0.09,0.24,0,0,0.01,0.08,0.04,4139,다다10a01b
202312,마케집제주,제주시,이도2동,제주시내,아시아음식,일식,0.95,0.79,0.09,0.17,0.24,0.41,-0.01,6953,다다10b00a
202312,일등아이스크림전문점 인제점,제주시,이도2동,제주시내,간식,아이스크림/빙수,0.26,3.05,0,0.05,0.04,1.06,-0.23,13686,다다10b01b
202312,송연이네식당,제주시,일도2동,제주시내,한식,커피,0.1,0.23,0,0.01,0.02,0.08,-0.04,9391,다다10b02b
202312,르에베,제주시,아라동,제주시내,한식,단품요리 전문,0.03,0.07,0,0,0,0.02,0,6135,다나10b98a
202312,돈벌집,제주시,일도2동,제주시내,한식,돼지고기,0.26,0.16,0.01,0.03,0.05,0.08,-0.04,9392,다다11a01b
202312,조커,제주시,이도2동,제주시내,한식,단품요리 전문,0.42,0.16,0,0,0.07,0.05,-0.04,9393,다다11a01a
202312,노랑통닭 제주 아라점,제주시,아라동,제주시내,피자.치킨.햄버거,치킨,0.72,1.03,0.01,0.03,0.12,0.37,-0.03,8485,다나11a99a
202312,타이웍,제주시,아라동,제주시내,기타,기타세계요리,2.15,4.81,0.05,0.27,0.39,1.85,-0.04,9686,다다11a00a
202312,리틀비엣,제주시,아라동,제주시내,한식,단품요리 전문,1.3,2.5,0.04,0.11,0.24,0.93,-0.13,12379,다나11a98b
202312,고미횟집,서귀포시,천지동,서귀포시내,한식,회,0.89,0.28,0.28,0.26,0.41,0.32,-0.1,11761,다나12a73b
202312,녹두밭,서귀포시,중앙동,서귀포시내,한식,가정식,0.32,0.48,0.03,0.11,0.08,0.25,0.18,1048,다나12b73a
202312,먹고정,서귀포시,정방동,서귀포시내,한식,가정식,0.65,0.44,1.53,1.98,1.55,1.89,-0.39,14410,다나12b73a
202312,야구펍,서귀포시,정방동,서귀포시내,한식,단품요리 전문,0.04,0.04,0,0,0.01,0.01,0.02,5132,다나12b73a
202312,장수해장국,서귀포시,동홍동,서귀포시내,한식,가정식,0.29,0.79,0.01,0.02,0.05,0.28,0.15,1401,다나13a73b
202312,영해식당제주점,제주시,이도2동,제주시내,한식,가정식,0.16,0.46,0,0.01,0.03,0.16,-0.05,9960,다다10b00b
202312,올레제주축산정육식당,제주시,일도2동,제주시내,한식,고기,0.12,0.04,0,0,0.02,0.01,0,6136,다다10b02a
202312,뚱보네급식실,제주시,이도2동,제주시내,한식,가정식,0.03,0.08,0,0,0.01,0.03,-0.01,7095,다다11a00b
202312,스시고,제주시,아라동,제주시내,아시아음식,일식,0.6,1.15,0.01,0.05,0.11,0.43,-0.12,12169,다다11a00a
202312,굄,제주시,일도2동,제주시내,한식,단품요리 전문,0,0,0,0.02,0,0.01,0.17,1150,다다11b01a
202312,아라주네,제주시,아라동,제주시내,한식,단품요리 전문,0.2,0.22,0,0.01,0.03,0.08,-0.03,8549,다나11b98a
202312,유동커피로스팅팩토리,서귀포시,서홍동,서귀포시내,카페,커피,0.23,1.27,0.02,0.23,0.05,0.63,0.2,917,다나12a74a
202312,대박포장마차,서귀포시,동홍동,서귀포시내,주점및주류판매,포장마차,0.16,0.12,0,0,0.03,0.04,0.09,2342,다나12b75a
202312,효진이네,서귀포시,중앙동,서귀포시내,한식,가정식,0,0,0,0.02,0,0.01,0.02,5133,다나13a73a
202312,블루샥제주동홍점(Blu shaak),서귀포시,동홍동,서귀포시내,음료,커피,0.14,1.37,0.01,0.11,0.03,0.56,-0.08,11330,다나13a73b
202312,순대이야기,서귀포시,동홍동,서귀포시내,한식,순대,4.03,10.77,0.12,0.74,0.75,4.26,0.53,166,다나13a75a
202312,파파엔도터 (papa&daughter),서귀포시,정방동,서귀포시내,한식,단품요리 전문,0.16,0.48,0,0.03,0.03,0.19,-0.05,9797,다나13a73a
202312,속에천불청송얼음막걸리동홍점,서귀포시,동홍동,서귀포시내,한식,가정식,1.57,2.11,0.03,0.09,0.27,0.78,-0.12,12170,다나13b74a
202312,배스킨라빈스제주화북점,제주시,화북동,제주시내,간식,아이스크림/빙수,0.8,3.89,0.02,0.12,0.14,1.41,-0.31,14104,다다13b03a
202312,카페폴린,서귀포시,동홍동,서귀포시내,음료,커피,0.44,1.83,0.04,0.5,0.11,1.05,-0.27,13910,다나13b73a
202312,투다리파워점,제주시,화북동,제주시내,주점및주류판매,꼬치구이,0.44,0.56,0,0.02,0.07,0.2,0.08,2558,다다14a02b
202312,은희네해장국삼화점,제주시,화북동,제주시내,한식,해장국,1.37,4.33,0.05,0.32,0.27,1.73,0.04,3873,다다14a02b
202312,인생극장 제주삼화점,제주시,화북동,제주시내,한식,단품요리 전문,0.57,0.44,0,0,0.09,0.15,0.08,2559,다다14a03a
202312,미루네닭숯불구이 삼화점,제주시,삼양동,제주시내,한식,가정식,1.68,1.31,0.01,0.02,0.27,0.45,0.25,687,다다14b03a
202312,동방명품치킨,제주시,봉개동,제주시내,패스트푸드,치킨,0.19,0.44,0.01,0.09,0.04,0.23,-0.07,10778,다다16a00a
202312,centro,서귀포시,정방동,서귀포시내,양식,양식,0.75,0.91,0.11,0.36,0.23,0.63,-0.02,8280,다나13a73a
202312,김경옥닭발,제주시,삼양동,제주시내,한식,치킨,0.17,0.24,0,0,0.03,0.08,0,6137,다다14b03b
202312,교동짬뽕제주,제주시,이도1동,제주시내,아시아음식,중식,1.22,3.46,0.04,0.27,0.23,1.4,-0.25,13768,다다10a01b
202312,도레구떼(Dorer gouter),제주시,건입동,제주시내,간식,베이커리,0.03,0.28,0,0.05,0.01,0.13,-0.09,11472,다다10a02b
202312,이도국밥,제주시,이도2동,제주시내,한식,국밥,1.19,3.85,0.05,0.36,0.24,1.61,0.11,2023,다다10b00a
202312,슬기식당,제주시,건입동,제주시내,한식,가정식,0.88,2.74,0.04,0.21,0.18,1.1,0.43,266,다다10b02b
202312,정든마을,제주시,이도2동,제주시내,한식,단품요리 전문,0.4,0.28,0.02,0.03,0.08,0.12,0,6138,다다10b00b
202312,거마가든,제주시,아라동,제주시내,한식,고기,0.15,0.44,0.02,0.03,0.05,0.17,0.06,3227,다나12a99a
202312,고향순대,제주시,화북동,제주시내,한식,순대,0.2,0.52,0,0,0.03,0.17,0.1,2073,다다13a03b
202312,국수나무서귀포점,서귀포시,동홍동,서귀포시내,한식,면류,0.52,1.95,0,0.05,0.09,0.69,0.01,5422,다나13b74a
202312,일원신,제주시,삼양동,제주시내,한식,가정식,0.06,0.08,0.01,0.03,0.02,0.05,0.01,5910,다다14a04a
202312,바른먹거리양식,제주시,봉개동,제주시내,양식,양식,0.07,0.36,0.01,0.03,0.02,0.15,-0.15,12738,다다15b00a
202312,피자헛 제주 이도점,제주시,이도2동,제주시내,피자.치킨.햄버거,피자,0.71,1.51,0.01,0.06,0.12,0.56,-0.08,11331,다다10b00b
202312,제주막창이땡길때,제주시,아라동,제주시내,한식,막창,0.52,0.56,0,0,0.08,0.19,0.06,3228,다다11a00a
202312,백년가야밀면,서귀포시,정방동,서귀포시내,한식,면류,0.32,0.6,0.04,0.27,0.09,0.44,0.08,2560,다나13a73a
202312,소보리당로222,서귀포시,예래동,서귀포시내,한식,단품요리 전문,0.04,0.12,0.08,0.51,0.08,0.49,-0.27,13911,나나95b75a
202312,라이프워크서해안로지점,제주시,도두동,제주시내,음료,커피,0.02,0.12,0.04,0.51,0.04,0.49,-0.05,9798,다다04a02a
202312,섬횟집,제주시,도두동,제주시내,한식,회,2.93,0.12,0.2,0.38,0.65,0.37,-0.16,12930,다다04a02a
202312,이운 소나이국수,제주시,노형동,제주시내,한식,가정식,0.52,1.87,0.06,0.42,0.14,1,-0.26,13838,다다04b00a
202312,청년다방 제주노형점,제주시,노형동,제주시내,분식,분식,1.25,2.74,0.02,0.09,0.22,1,-0.29,14033,다나05a98b
202312,제주예찬,제주시,노형동,제주시내,한식,가정식,0.53,0.6,0.57,1.04,0.63,1.12,-0.25,13817,다나05b96a
202312,더헤이븐(The Haven),제주시,연동,제주시내,한식,단품요리 전문,0.55,3.77,0.02,0.33,0.11,1.56,-0.11,12119,다나06a99b
202312,보편적인노래,제주시,연동,제주시내,한식,단품요리 전문,0.03,0.04,0.02,0.06,0.02,0.07,-0.02,8108,다다06a00a
202312,예촌삼계탕,서귀포시,예래동,서귀포시내,한식,삼계탕,0.27,0.2,0,0.02,0.05,0.08,0.02,5003,나나96b75b
202312,쭈희쭈꾸미,서귀포시,중문동,서귀포시내,한식,주꾸미,0.13,0.16,0.01,0.06,0.03,0.11,0.05,3555,나나99b73b
202312,카페바우(cafe VOW),서귀포시,중문동,서귀포시내,음료,커피,0.02,0.07,0,0.07,0.01,0.09,0.03,4456,다나01b72b
202312,카페신상,제주시,이호동,제주시내,음료,커피,0.39,1.43,0.15,1.24,0.21,1.57,-0.34,14249,다다02a01a
202312,신옛촌 제주점,제주시,이호동,제주시내,한식,단품요리 전문,0.1,0.04,0.25,0.29,0.25,0.27,0.12,1737,다다03a00a
202312,그랜드,제주시,노형동,제주시내,한식,단품요리 전문,3.79,0.32,0.05,0.02,0.65,0.12,0.02,4799,다다05a00a
202312,더벤티제주노형점,제주시,노형동,제주시내,음료,커피,0.46,5.4,0.01,0.35,0.09,2.12,0.34,414,다나05a99b
202312,레카소,제주시,외도동,제주시내,한식,단품요리 전문,0.71,0.99,0.01,0.03,0.12,0.36,-0.08,11063,다나00b99b
202312,중문회포장센터 새벽야시장,서귀포시,중문동,서귀포시내,일식.회,회,0.18,0.24,0.99,2.14,0.96,1.97,-0.44,14524,다나00a73a
202312,제주숲누룽지통닭,제주시,외도동,제주시내,패스트푸드,치킨,0.64,0.99,0.03,0.15,0.13,0.47,0.03,4298,다다00b00a
202312,밥장인돼지찌개 외도점,제주시,외도동,제주시내,한식,돼지고기,0.11,0.36,0.01,0.08,0.02,0.19,-0.07,10779,다다00b00a
202312,피자굽는곰아저씨외도점,제주시,외도동,제주시내,패스트푸드,피자,0.19,0.44,0,0,0.03,0.15,0.01,5423,다다00b00a
202312,밥을담다,제주시,외도동,제주시내,한식,가정식,0.11,0.23,0,0.03,0.02,0.1,-0.02,8109,다다00b00b
202312,와와치킨,제주시,도두동,제주시내,패스트푸드,치킨,0.93,1.47,0.03,0.14,0.18,0.61,0.14,1431,다다03b01b
202312,노형토종닭,제주시,노형동,제주시내,한식,치킨,1.23,0.71,0.03,0.06,0.22,0.29,0.11,1860,다나04a99a
202312,멕시카나월광로점,제주시,노형동,제주시내,패스트푸드,치킨,0.28,0.5,0,0.02,0.05,0.19,-0.01,7492,다다04b00a
202312,테스그릭,제주시,노형동,제주시내,한식,단품요리 전문,0.17,0.79,0.01,0.09,0.03,0.35,0.12,1738,다나04b99a
202312,비1983,제주시,노형동,제주시내,한식,가정식,1.29,0.24,0,0,0.2,0.08,-0.03,8550,다다04b00a
202312,24시 전주명가콩나물국밥 노형점,제주시,노형동,제주시내,한식,국밥,3.67,12.08,0.07,0.69,0.65,4.66,-0.3,14063,다다04b00a
202312,현주네치킨,제주시,노형동,제주시내,패스트푸드,치킨,0.53,0.95,0.03,0.09,0.11,0.4,0.01,6108,다다04b00a
202312,칠돈가본점,제주시,노형동,제주시내,한식,돼지고기,0.41,0.2,1.05,1.37,1.06,1.28,-0.3,14084,다다05a00b
202312,보통,제주시,연동,제주시내,한식,단품요리 전문,0.05,0.32,0,0,0.01,0.11,0.01,5911,다다05a00a
202312,소인커피(Soin Coffee),제주시,노형동,제주시내,한식,커피,0.73,4.01,0.04,0.44,0.15,1.73,-0.29,14034,다나05b99b
202312,황금장어제주본점,제주시,노형동,제주시내,한식,장어,3.86,2.03,0.16,0.26,0.76,0.9,0.08,2728,다나05b99b
202312,담아래 본점,제주시,연동,제주시내,한식,가정식,1.52,2.34,0.23,0.87,0.46,1.56,0.34,415,다나05b97b
202312,공차제주연동신시가지점,제주시,연동,제주시내,음료,커피,0.42,3.14,0.02,0.27,0.08,1.29,0.08,2517,다나06a99a
202312,탐나는면,제주시,연동,제주시내,한식,단품요리 전문,0.16,0.41,0.02,0.1,0.04,0.23,-0.06,10257,다나06a98b
202312,영화루,제주시,연동,제주시내,아시아음식,중식,1.35,3.62,0.05,0.32,0.26,1.49,0.05,3434,다나06b99b
202312,감각,서귀포시,대천동,서귀포시내,한식,가정식,0.24,0.24,0.07,0.14,0.11,0.2,-0.02,8281,다나07a72a
202312,오스테리아 한,서귀포시,대륜동,서귀포시내,양식,양식,0.26,0.32,0.04,0.11,0.08,0.2,-0.03,8551,다나08b74a
202312,서가앤쿡 제주점,제주시,건입동,제주시내,양식,패밀리 레스토랑,2.24,2.42,0.14,0.44,0.49,1.2,-0.24,13703,다다09b03a
202312,신계발,제주시,이도2동,제주시내,한식,가정식,1.29,1.32,0.04,0.1,0.24,0.53,0.02,4800,다다09b01a
202312,도어스,제주시,이도2동,제주시내,양식,양식,0.43,0.6,0,0.05,0.07,0.24,-0.02,7819,다다09b01a
202312,신제주양곱창,제주시,노형동,제주시내,한식,곱창,0.47,0.36,0.03,0.06,0.1,0.17,0.1,2074,다나05b99b
202312,정글북바이앨리스,제주시,연동,제주시내,한식,단품요리 전문,0.14,0.08,0.02,0.06,0.04,0.08,0.02,5004,다나06a99b
202312,케이엠지엠신제주점,제주시,연동,제주시내,주점및주류판매,맥주/요리주점,0.87,0.16,0.01,0.03,0.15,0.08,0.2,895,다나06a99b
202312,한라산과자점,서귀포시,대천동,서귀포시내,간식,베이커리,0.23,0.32,0.27,1.04,0.29,1.02,-0.18,13208,다나07a72b
202312,칠공팔공구공용담라이브,제주시,용담2동,제주시내,한식,단품요리 전문,0.21,0.04,0.02,0.02,0.05,0.03,0.02,5005,다다07b03a
202312,전이전,제주시,용담1동,제주시내,한식,가정식,0.33,0.08,0,0,0.05,0.03,-0.02,7955,다다08a01a
202312,돈앤삼겹삼도점,제주시,삼도1동,제주시내,한식,돼지고기,1.31,1.67,0.02,0.08,0.23,0.63,0.17,1115,다다08b01b
202312,카페쉬머,서귀포시,대륜동,서귀포시내,음료,커피,0.09,0.52,0.02,0.18,0.03,0.33,-0.01,7493,다나08b74a
202312,만옥,제주시,건입동,제주시내,한식,단품요리 전문,0.97,0.36,0.04,0.08,0.19,0.19,-0.01,7494,다다09a03a
202312,전원일기본점,서귀포시,대륜동,서귀포시내,한식,가정식,0.7,1.47,0.12,0.44,0.22,0.88,0.17,1116,다나09a73a
202312,전포여관제주시청점,제주시,이도2동,제주시내,주점및주류판매,맥주/요리주점,1.48,1.99,0.1,0.26,0.33,0.89,-0.01,7495,다다09b01a
202312,헬로프랜드,제주시,연동,제주시내,주점,주류,1,0.83,0.18,0.23,0.33,0.48,-0.07,10780,다나06a98b
202312,웃뜨르우리돼지,제주시,연동,제주시내,한식,돼지고기,0.22,0.24,0,0,0.04,0.08,0.09,2311,다다06a00a
202312,청자다방제주1호점,제주시,연동,제주시내,음료,커피,0.02,0.28,0,0.07,0.01,0.16,0.03,4457,다나06a99b
202312,정우말가든,제주시,연동,제주시내,한식,고기,1.27,0.48,0.8,1.46,0.96,1.45,-0.01,7496,다나06b99a
202312,골드스푼,서귀포시,대천동,서귀포시내,한식,가정식,0.01,0.04,0.01,0.05,0.01,0.05,0.07,3018,다나07a73b
202312,덕성루,서귀포시,대천동,서귀포시내,아시아음식,중식,0,0,0.04,0.02,0.04,0.01,-0.01,7118,다나07a74a
202312,다다익고정육식당 신서귀포점,서귀포시,대천동,서귀포시내,한식,고기,1.93,3.73,0.26,1.04,0.56,2.17,0.07,2787,다나07b74a
202312,조마루뼈다귀 용담점,제주시,용담2동,제주시내,고기,감자탕,0.87,1.51,0.02,0.12,0.16,0.61,0.02,4801,다다08a02b
202312,다올국수,제주시,삼도1동,제주시내,한식,면류,1.79,1.19,0.02,0.17,0.3,0.55,-0.15,12785,다다08b01a
202312,영란다방,제주시,이도1동,제주시내,음료,커피,0.04,0.16,0,0.03,0.01,0.08,-0.05,9961,다다09b01b
202312,잇잇,제주시,이도2동,제주시내,간식,분식,0.7,2.15,0.03,0.21,0.14,0.9,-0.16,12950,다다09b01a
202312,이모밥상,제주시,연동,제주시내,한식,가정식,0.99,1.35,0.24,0.78,0.39,1.14,-0.39,14411,다나07a99a
202312,용두암 엄마 해장국,제주시,용담2동,제주시내,한식,해장국,0.42,1.11,0.49,2.37,0.53,2.46,-0.2,13434,다다07b03a
202312,리치에버,제주시,용담2동,제주시내,한식,단품요리 전문,0.44,0.52,0,0,0.07,0.17,-0.04,9530,다다07b02a
202312,스쿠피 케이크,제주시,용담2동,제주시내,음료,커피,0.26,0.56,0.04,0.2,0.08,0.36,0.05,3710,다다07b02a
202312,제주오라성,제주시,오라동,제주시내,한식,가정식,0.38,0.17,0.05,0.01,0.11,0.07,0.02,5255,다나08a96b
202312,용담장인의집,제주시,용담1동,제주시내,한식,단품요리 전문,0.28,0.24,0.35,0.66,0.37,0.67,-0.13,12380,다다08b02b
202312,팔복만두,제주시,삼도2동,제주시내,간식,만두,0.5,1.3,0.02,0.19,0.1,0.6,-0.25,13769,다다09a02b
202312,컬러링도남점,제주시,이도2동,제주시내,주점및주류판매,맥주/요리주점,0.3,0.48,0,0,0.05,0.16,0.05,3711,다다09a00b
202312,수레바퀴식당,제주시,삼도2동,제주시내,음료,커피,0.18,0.2,0,0,0.03,0.07,0.07,2838,다다09a03a
202312,꾸로부타,제주시,이도2동,제주시내,한식,가정식,0.24,0.79,0,0.03,0.04,0.29,0.06,3229,다다09a00a
202312,서이,제주시,삼도1동,제주시내,한식,단품요리 전문,0.01,0.12,0,0,0,0.04,0.09,2343,다다09a01a
202312,오지하우스 제주본점,제주시,이도2동,제주시내,양식,양식,0.66,0.68,0.06,0.14,0.16,0.35,-0.07,10664,다다09b01a
202312,노포갈비,제주시,이도2동,제주시내,한식,갈비,3.05,1.79,0.11,0.23,0.59,0.8,-0.01,7497,다다09b00b
202312,맘스터치 일도동문점,제주시,건입동,제주시내,패스트푸드,햄버거,0.25,0.99,0.01,0.06,0.05,0.39,0.11,1939,다다10a02b
202312,블루메베이글,제주시,이도2동,제주시내,한식,베이커리,1.57,6.04,0.32,2.83,0.56,4.52,-0.13,12333,다다10a00b
202312,레이나,제주시,건입동,제주시내,한식,단품요리 전문,0.74,0.2,0.01,0.02,0.12,0.08,0.09,2312,다다10b03a
202312,플레이리스트,제주시,아라동,제주시내,한식,단품요리 전문,0.05,0.28,0.01,0.05,0.02,0.13,0.18,1049,다다10b00b
202312,비어준,제주시,이도2동,제주시내,주점및주류판매,맥주/요리주점,0.43,0.44,0.01,0.02,0.08,0.16,-0.03,8552,다다11a01a
202312,수너베러,제주시,일도2동,제주시내,양식,양식,0.58,0.48,0.03,0.03,0.12,0.19,-0.02,7820,다다11a02a
202312,영산강가마솥,제주시,아라동,제주시내,한식,가정식,0.57,1.23,0.02,0.12,0.11,0.52,0,6139,다나11a99b
202312,공룡마라탕앤꼬치6호점,제주시,아라동,제주시내,주점및주류판매,중식,1.03,3.73,0.02,0.15,0.18,1.38,-0.16,12869,다나11a98a
202312,서귀포걸메도야지,서귀포시,천지동,서귀포시내,한식,돼지고기,0.09,0.12,0,0,0.01,0.04,0.02,5134,다나12a73b
202312,미스터봉 국밥,서귀포시,서홍동,서귀포시내,한식,국밥,0,0,0,0.01,0,0,0.1,2075,다나12a74a
202312,지코바양념치킨서귀점,서귀포시,정방동,서귀포시내,패스트푸드,치킨,0.15,0.4,0.06,0.41,0.08,0.49,-0.22,13548,다나12a73a
202312,쏭스핫도그제주대점,제주시,아라동,제주시내,간식,베이커리,0.29,2.19,0.01,0.26,0.06,0.96,-0.21,13447,다나12b96b
202312,이비가짬뽕제주서귀포점,서귀포시,동홍동,서귀포시내,아시아음식,중식,0.39,1.03,0.01,0.06,0.07,0.4,0.1,2158,다나12b73b
202312,우지커피서귀포점,서귀포시,중앙동,서귀포시내,음료,커피,0.55,8.38,0.03,0.68,0.11,3.41,0.46,235,다나12b73b
202312,오태식해바라기치킨 화북삼양점,제주시,화북동,제주시내,피자.치킨.햄버거,치킨,0.11,0.28,0,0,0.02,0.09,0.08,2561,다다13a03a
202312,호봉토스트화북점,제주시,화북동,제주시내,간식,샌드위치/토스트,0.04,0.2,0,0,0.01,0.07,-0.03,9036,다다13a03b
202312,제주포차,제주시,이도2동,제주시내,한식,단품요리 전문,0.28,0.19,0,0.01,0.05,0.07,-0.03,9037,다다09b01a
202312,천하대장군,제주시,이도2동,제주시내,한식,가정식,0.12,0.24,0,0,0.02,0.08,0.02,5006,다다09b00b
202312,고스란히,제주시,이도2동,제주시내,한식,단품요리 전문,0.19,1.59,0.01,0.11,0.04,0.63,-0.03,9078,다다10a00a
202312,손두부촌,제주시,이도2동,제주시내,한식,단품요리 전문,0.56,1.51,0.01,0.08,0.1,0.57,0.3,489,다다10b00b
202312,스시키요,제주시,이도2동,제주시내,아시아음식,일식,0.46,0.12,0.08,0.06,0.15,0.09,-0.06,10258,다다10b00b
202312,교촌치킨 일도점,제주시,일도2동,제주시내,패스트푸드,치킨,0.79,1.79,0.01,0.06,0.14,0.65,0,6140,다다10b01b
202312,만호,제주시,이도2동,제주시내,한식,가정식,8.61,4.13,0.11,0.12,1.46,1.49,-0.25,13770,다다11a01a
202312,매력식당,제주시,아라동,제주시내,한식,가정식,0.33,0.95,0.05,0.56,0.1,0.81,0.12,1739,다나12a95b
202312,주구장창,서귀포시,천지동,서귀포시내,한식,단품요리 전문,0.65,0.68,0,0.02,0.11,0.24,-0.1,11667,다나12a73b
202312,미화해산물,서귀포시,동홍동,서귀포시내,한식,회,0.16,0.28,0.02,0.17,0.04,0.24,-0.1,11668,다나12b74b
202312,불티나흑돼지,서귀포시,중앙동,서귀포시내,아시아음식,돼지고기,0,0,0.07,0.09,0.07,0.08,-0.03,8553,다나13a73b
202312,광양해장국집,제주시,이도2동,제주시내,한식,가정식,2.88,8.46,0.07,0.56,0.53,3.33,-0.41,14468,다다10a01a
202312,청춘감성쌀핫도그제주법원점,제주시,이도2동,제주시내,간식,베이커리,0.15,1.07,0,0,0.02,0.36,0.24,703,다다10b00a
202312,요거프레소제주일도점,제주시,일도2동,제주시내,간식,커피,0.03,0.16,0,0,0.01,0.05,-0.02,8110,다다10b01b
202312,국수집,제주시,아라동,제주시내,한식,면류,0,0.01,0,0,0,0,0,6141,다다11a00a
202312,봉수아피자아라점,제주시,아라동,제주시내,패스트푸드,피자,0.05,0.16,0.01,0.03,0.01,0.08,0.09,2313,다나12b95b
202312,맨도롱해장국,서귀포시,천지동,서귀포시내,한식,해장국,0.23,0.68,0.23,1.39,0.25,1.45,-0.26,13839,다나12a73a
202312,일구칠사뼈감탕,제주시,아라동,제주시내,한식,가정식,1.49,4.29,0.01,0.17,0.25,1.58,0.53,173,다나13b96a
202312,이디야제주삼화점,제주시,삼양동,제주시내,음료,커피,0.95,8.07,0.01,0.15,0.16,2.83,-0.7,14852,다다14b02b
202312,도리밥집,서귀포시,영천동,서귀포시내,한식,가정식,0.08,0.47,0,0,0.01,0.16,-0.03,8554,다나14a78a
202312,금돈상회,제주시,이도2동,제주시내,한식,돼지고기,3.07,1.99,0.18,0.36,0.66,0.98,-0.11,11923,다다09b01a
202312,소소두부,제주시,일도1동,제주시내,한식,단품요리 전문,0.03,0.08,0.01,0.17,0.01,0.17,0.13,1668,다다09b02b
202312,벨롱벨롱,서귀포시,대륜동,서귀포시내,한식,단품요리 전문,0,0,0,0.09,0,0.08,-0.02,8111,다나09b72b
202312,보리다,제주시,이도2동,제주시내,카페,커피,0.82,1.47,0.01,0.12,0.14,0.6,-0.03,9079,다다10a00b
202312,노모어블루스,제주시,이도2동,제주시내,양식,양식,2.07,1.63,0.03,0.06,0.36,0.6,-0.24,13704,다다10b00b
202312,가비,제주시,일도2동,제주시내,한식,단품요리 전문,0.47,2.42,0,0.05,0.08,0.85,-0.13,12381,다다10b02b
202312,돌솥마당,제주시,일도2동,제주시내,한식,가정식,0.24,0.4,0,0,0.04,0.13,0,6142,다다10b01b
202312,일또,제주시,이도2동,제주시내,한식,단품요리 전문,0.1,0.04,0,0.02,0.02,0.03,0.01,5748,다다11a01b
202312,하루밀담베이커리,제주시,아라동,제주시내,간식,베이커리,0.19,0.79,0,0.03,0.03,0.29,0.32,450,다나11a99b
202312,제주대패집,제주시,아라동,제주시내,한식,단품요리 전문,2.31,2.7,0.04,0.12,0.4,1.01,0.37,351,다나11a97b
202312,고고리,제주시,아라동,제주시내,양식,양식,0.21,0.6,0.02,0.11,0.05,0.29,0.02,4802,다나11b98b
202312,제주돈,제주시,이도2동,제주시내,한식,돼지고기,1.79,1.51,0.06,0.2,0.34,0.68,0.03,4780,다다11b00b
202312,머스크,제주시,화북동,제주시내,한식,단품요리 전문,0.28,1.55,0.01,0.14,0.05,0.64,0.14,1432,다다13a03b
202312,쌍둥이네,서귀포시,정방동,서귀포시내,한식,가정식,0.2,0.32,0.01,0.08,0.04,0.17,-0.04,9531,다나13a73a
202312,롸버트치킨,서귀포시,중앙동,서귀포시내,패스트푸드,치킨,0.02,0.06,0.01,0.05,0.01,0.06,0.01,5424,다나13a73b
202312,팡팡식당,서귀포시,동홍동,서귀포시내,한식,가정식,0.54,1.43,0,0.05,0.09,0.52,0.08,2729,다나13a73b
202312,싱싱프루츠삼화점,제주시,삼양동,제주시내,한식,단품요리 전문,0.04,0.14,0,0.01,0.01,0.05,0.01,5912,다다15a03a
202312,보목해녀의집,서귀포시,송산동,서귀포시내,아시아음식,일식,0.04,0.08,0.09,0.35,0.1,0.33,-0.06,10259,다나16b72a
202312,빽다방 서귀포시청점,서귀포시,서홍동,서귀포시내,음료,커피,0.57,6.87,0.03,0.62,0.12,2.85,-0.31,14120,다나12a74a
202312,카페봄봄효돈점,서귀포시,효돈동,서귀포시내,음료,커피,0.21,2.42,0.01,0.29,0.04,1.06,0.2,918,다나17b75a
202312,알동네국수,서귀포시,효돈동,서귀포시내,한식,가정식,0.04,0.16,0.04,0.15,0.04,0.19,-0.03,8555,다나18a73b
202312,주식회사 티제이에이치,서귀포시,정방동,서귀포시내,한식,단품요리 전문,0.19,2.66,0.01,0.42,0.04,1.26,0.06,3114,다나12b73a
202312,중섭이네식당,서귀포시,정방동,서귀포시내,한식,가정식,0,0,0.06,0.32,0.06,0.28,-0.1,11844,다나12b73a
202312,만복반미,서귀포시,정방동,서귀포시내,양식,기타세계요리,0.18,0.99,0.02,0.3,0.05,0.6,-0.12,12171,다나12b73a
202312,내가 찾은 맛고을,제주시,화북동,제주시내,한식,가정식,0.05,0.16,0.01,0.06,0.01,0.11,0.05,3556,다다13a03b
202312,친정집,제주시,화북동,제주시내,한식,가정식,1.59,4.57,0.02,0.18,0.27,1.69,-0.16,12870,다다13b03b
202312,팔길(PALGIL),서귀포시,예래동,서귀포시내,양식,양식,0.11,0.38,0.02,0.2,0.04,0.31,0.03,4299,나나95b71b
202312,색달그때그집,서귀포시,중문동,서귀포시내,한식,가정식,0.84,1.07,0.18,0.42,0.31,0.73,-0.07,10665,다나00a74b
202312,대포칼제비,서귀포시,중문동,서귀포시내,한식,가정식,0.56,1.19,0.16,0.81,0.24,1.12,0.01,6119,다나00a73b
202312,뽕이네각재기1호점외도,제주시,외도동,제주시내,한식,가정식,1.54,3.62,0.08,0.33,0.32,1.5,-0.43,14505,다다00b00a
202312,일품순두부노형점,제주시,노형동,제주시내,한식,순두부,2.57,7.62,0.1,0.6,0.5,3.08,-0.36,14300,다나04a99a
202312,유쥬얼커피앤도넛,제주시,노형동,제주시내,간식,도너츠,0.02,0.09,0,0.01,0,0.04,0.03,4431,다나04a99a
202312,금순이네,제주시,노형동,제주시내,한식,가정식,0.69,0.71,0,0.02,0.11,0.25,-0.08,11113,다나04a99b
202312,뮈르,서귀포시,예래동,서귀포시내,한식,단품요리 전문,0.14,0.4,0.1,0.56,0.12,0.63,-0.11,11924,나나96a73a
202312,탄광맥주제주중문점,서귀포시,중문동,서귀포시내,주점및주류판매,맥주/요리주점,0.85,1.07,0.14,0.38,0.27,0.69,0.15,1317,나나99b74a
202312,국밥참맛있는집,제주시,이호동,제주시내,한식,국밥,0.02,0.08,0,0,0,0.03,0,6143,다나03a99b
202312,대명정육식당,제주시,노형동,제주시내,한식,고기,3.22,1.47,0.04,0.05,0.55,0.53,-0.13,12382,다나04b99b
202312,예반스제주 월랑점,제주시,노형동,제주시내,한식,단품요리 전문,0.17,0.56,0,0,0.03,0.19,-0.05,9799,다다04b00a
202312,월랑로6길 5,제주시,노형동,제주시내,한식,가정식,0.11,0.2,0,0,0.02,0.07,0.02,5256,다다05a00a
202312,헬씨바이브,제주시,노형동,제주시내,한식,가정식,0.06,0.21,0,0.01,0.01,0.08,-0.02,8112,다나05a99b
202312,대굴대굴굴구이,제주시,연동,제주시내,한식,가정식,3.97,3.26,0.27,0.54,0.88,1.57,-0.17,13117,다다05b00b
202312,리틀보라카이,서귀포시,예래동,서귀포시내,한식,단품요리 전문,0.24,0.28,0.14,0.39,0.17,0.44,-0.12,12172,나나98b74b
202312,대연정,제주시,외도동,제주시내,한식,가정식,0.33,0.83,0.01,0.12,0.06,0.39,0.05,3712,다다00b00a
202312,미요리,제주시,외도동,제주시내,한식,단품요리 전문,1.11,1.11,0.01,0.02,0.18,0.39,-0.16,12931,다나00b99b
202312,라라카츠 제주점,제주시,외도동,제주시내,한식,단품요리 전문,0.05,0.14,0,0.01,0.01,0.05,-0.05,9962,다나00b99b
202312,서유기사방채,제주시,노형동,제주시내,아시아음식,가정식,0.29,0.15,0,0.02,0.05,0.06,-0.06,10260,다나03b99a
202312,시인의마을,제주시,노형동,제주시내,한식,가정식,0.1,0.08,0,0,0.02,0.03,0,6144,다나04a99a
202312,인서네,제주시,도두동,제주시내,한식,가정식,0.73,1.96,0.01,0.07,0.12,0.72,0.08,2518,다다05a00b
202312,제주울어멍김밥,제주시,노형동,제주시내,간식,분식,0.27,1.59,0.01,0.17,0.06,0.68,0.15,1406,다나05a99a
202312,밥이랑술이랑,제주시,노형동,제주시내,한식,단품요리 전문,0.08,0.09,0,0.01,0.01,0.04,-0.01,7365,다다05a00a
202312,귀빈반점,제주시,노형동,제주시내,아시아음식,중식,1.27,5.05,0.02,0.32,0.22,1.97,-0.24,13705,다나05a98b
202312,또봉이통닭,제주시,노형동,제주시내,패스트푸드,치킨,0.02,0.04,0,0,0,0.01,-0.01,7119,다나05a99b
202312,엉클통김밥 노형점,제주시,노형동,제주시내,간식,분식,0.29,1.59,0.04,0.39,0.09,0.88,0.01,5425,다나05a99a
202312,이룸갤러리카페,제주시,연동,제주시내,음료,커피,0.09,0.24,0.01,0.05,0.02,0.12,-0.12,12173,다다05b00b
202312,쨍하고회뜰날,제주시,연동,제주시내,아시아음식,일식,1.57,0.44,0.12,0.12,0.36,0.25,-0.08,11114,다나05b99b
202312,파스쿠찌 제주제원점,제주시,연동,제주시내,카페,커피,2.43,16.33,0.12,1.78,0.5,7.04,-0.95,14978,다나06a99b
202312,한라빙삼,제주시,연동,제주시내,한식,단품요리 전문,1.76,1.6,0.16,0.39,0.43,0.88,0.14,1433,다나06a99b
202312,엄마순대국,제주시,연동,제주시내,한식,국밥,0.83,2.34,0.04,0.35,0.17,1.09,0.36,368,다다06b00a
202312,효퇴국수국밥,제주시,삼도1동,제주시내,한식,가정식,0.6,1.71,0.22,1.51,0.3,1.9,-0.45,14552,다다08b01b
202312,정직한통닭 중앙점,제주시,삼도2동,제주시내,피자.치킨.햄버거,치킨,0.29,0.44,0.04,0.18,0.08,0.31,-0.14,12549,다다09a02b
202312,컴포즈커피 제주제원점,제주시,연동,제주시내,음료,커피,0.37,5.8,0.04,1.73,0.09,3.47,-0.38,14408,다다06a00a
202312,파리바게뜨 제주연동1호점,제주시,연동,제주시내,베이커리.디저트,베이커리,2.12,10.91,0.04,0.46,0.37,4.06,-0.17,12999,다나06a99a
202312,예림,제주시,연동,제주시내,한식,단품요리 전문,1.19,1.03,0.05,0.12,0.24,0.45,-0.11,11925,다나06a99b
202312,우리아시가게,제주시,연동,제주시내,한식,가정식,0.07,0.08,0.01,0.02,0.02,0.05,-0.01,7366,다나06a99b
202312,산뽀,제주시,연동,제주시내,한식,가정식,0.64,0.54,0.09,0.19,0.18,0.35,0.08,2562,다나06a99b
202312,모이세해장국연동점,제주시,연동,제주시내,한식,해장국,1.5,4.13,0.14,0.86,0.37,2.14,-0.2,13435,다나06a99b
202312,연안식당 제주연동점,제주시,연동,제주시내,한식,가정식,1.01,1.95,0.06,0.3,0.21,0.92,0.26,639,다나06b99a
202312,아띠마루커피랩,제주시,용담1동,제주시내,음료,커피,0.01,0.12,0,0,0,0.04,-0.04,9394,다다08a01a
202312,제주의별,제주시,용담1동,제주시내,한식,단품요리 전문,0.04,0.2,0.04,0.51,0.05,0.52,0.01,5426,다다08b03a
202312,카페린다,서귀포시,대륜동,서귀포시내,음료,커피,0.33,1.31,0.02,0.23,0.07,0.64,0.23,749,다나08a74b
202312,제주담다KBS제주점,제주시,이도2동,제주시내,한식,단품요리 전문,3,12.28,0.08,0.66,0.55,4.7,0.53,167,다다08b00a
202312,와르다레스토랑,제주시,삼도2동,제주시내,한식,단품요리 전문,0.29,0.75,0.02,0.09,0.06,0.33,-0.06,10261,다다09a02b
202312,장금이식당,제주시,도두동,제주시내,한식,가정식,0.08,0.12,0.14,0.3,0.14,0.31,0.07,2839,다다03b01b
202312,기라네김밥,제주시,노형동,제주시내,분식,분식,0.12,1.11,0,0.03,0.02,0.4,0.04,4206,다나04b99b
202312,가르텐비어 제주노형점,제주시,노형동,제주시내,주점,주류,0.3,0.16,0,0,0.05,0.05,0.18,1050,다다04b00a
202312,청오돼지들의세상,제주시,노형동,제주시내,한식,돼지고기,0.24,0.16,0.07,0.08,0.1,0.12,-0.06,10262,다다05a00a
202312,청춘해장국,제주시,노형동,제주시내,주점및주류판매,해장국,0.47,1.51,0.07,0.38,0.14,0.84,-0.21,13448,다나05a99a
202312,루비식당,제주시,연동,제주시내,한식,가정식,0.18,0.48,0.04,0.2,0.07,0.33,-0.06,10263,다다05b00a
202312,향천회초밥,제주시,연동,제주시내,아시아음식,일식,0.21,0.16,0,0,0.03,0.05,0.07,3019,다나06a99b
202312,더푸드하우스 제주공항국제선,제주시,용담2동,제주시내,한식,단품요리 전문,0.38,1.91,0.03,0.39,0.09,0.98,-0.54,14701,다다06a02a
202312,이것이참흑돼지,제주시,연동,제주시내,한식,가정식,0.57,0.4,0.1,0.17,0.19,0.28,-0.16,12951,다다06b00a
202312,다해,제주시,연동,제주시내,한식,가정식,0.02,0.08,0,0,0,0.03,0,6145,다다07a00a
202312,파주닭국수 신서귀포점,서귀포시,대륜동,서귀포시내,한식,가정식,0.57,1.47,0.01,0.15,0.1,0.63,0.24,704,다나07b74a
202312,와니피자&치킨,제주시,용담1동,제주시내,피자.치킨.햄버거,피자,0.17,0.4,0,0,0.03,0.13,-0.05,9963,다다08a01b
202312,희양양 연동점,제주시,연동,제주시내,중식,중식,2.73,0.99,0.12,0.09,0.54,0.41,0,6146,다다06a00a
202312,전주콩나루콩나물국밥 제주점,제주시,연동,제주시내,한식,가정식,0.42,1.28,0.03,0.15,0.09,0.56,0.02,5399,다다06b00a
202312,풍양양꼬치,서귀포시,대천동,서귀포시내,주점및주류판매,꼬치구이,1.43,1.03,0.04,0.09,0.27,0.43,0,6147,다나07a73b
202312,예담소주방,제주시,삼도1동,제주시내,한식,주류,0.07,0.11,0,0,0.01,0.04,0.01,5749,다다08b01a
202312,통통돼지,제주시,삼도1동,제주시내,한식,돼지고기,0.21,0.24,0.02,0.05,0.06,0.12,0,6148,다다08b01b
202312,보성이네전,제주시,삼도2동,제주시내,한식,단품요리 전문,0.12,0.24,0,0,0.02,0.08,-0.02,8113,다다09a02a
202312,칠성 로스터리,제주시,일도1동,제주시내,한식,단품요리 전문,0.01,0.14,0,0.07,0.01,0.11,0.06,3173,다다09b02b
202312,아름디,제주시,이도2동,제주시내,한식,단품요리 전문,0.18,0.87,0,0.03,0.03,0.32,0.02,4803,다다09b00a
202312,셰프의초밥제주,제주시,일도1동,제주시내,일식.회,일식,0.1,0.36,0.05,0.48,0.07,0.55,-0.23,13677,다다09b02b
202312,김밥천국탑동본점,제주시,건입동,제주시내,간식,분식,0.31,1.75,0.03,0.36,0.08,0.9,0.21,829,다다09b03a
202312,애월빵공장 주식회사(오등동지점),제주시,아라동,제주시내,간식,베이커리,0.19,1.02,0.02,0.23,0.05,0.54,-0.3,14085,다나09b98a
202312,유군초밥,제주시,이도2동,제주시내,아시아음식,일식,3.05,3.66,0.22,0.69,0.69,1.84,-0.29,14035,다다09b01a
202312,왓츠유어플레이버,제주시,이도2동,제주시내,한식,단품요리 전문,1.45,1.81,0.04,0.12,0.27,0.71,0,6149,다다09b01a
202312,제주종가,제주시,이도2동,제주시내,한식,가정식,0.24,0.87,0.02,0.18,0.06,0.45,0.37,349,다다09b01a
202312,이디야커피시청고산동산점,제주시,이도2동,제주시내,음료,커피,0.39,4.13,0.01,0.2,0.07,1.56,0.23,750,다다10a00b
202312,김영미재첩해장국,제주시,이도2동,제주시내,한식,해장국,2.3,6.4,0.1,0.6,0.46,2.67,-0.43,14502,다다10a00a
202312,고죽면 제주법원점,제주시,이도2동,제주시내,한식,단품요리 전문,0.24,1.07,0.01,0.11,0.05,0.45,0.05,3713,다다10a00a
202312,동광17,제주시,일도2동,제주시내,양식,양식,0.49,0.52,0.01,0.05,0.09,0.21,-0.08,11115,다다10b02a
202312,황고집,제주시,이도2동,제주시내,간식,분식,2.05,2.58,0.03,0.08,0.35,0.93,0.09,2445,다다11a00b
202312,보라해,서귀포시,서홍동,서귀포시내,간식,베이커리,0.02,0.04,0,0,0,0.01,0.04,4073,다나12a73b
202312,으뜸 아이스크림 할인점 서귀중앙로점,서귀포시,서홍동,서귀포시내,간식,아이스크림/빙수,0.21,1.51,0.01,0.11,0.04,0.6,0.02,4804,다나12a75a
202312,동아리꼬치구이도남대림점,제주시,이도2동,제주시내,일식.회,일식,0.37,0.56,0,0,0.06,0.19,0,6150,다다09b00b
202312,미녀,제주시,건입동,제주시내,한식,가정식,0.61,0.52,0.02,0.03,0.11,0.2,0.03,4458,다다10a02b
202312,희주,제주시,이도2동,제주시내,한식,단품요리 전문,0.33,0.64,0.03,0.11,0.08,0.31,-0.21,13488,다다10a01a
202312,제주정낭집이도점,제주시,이도2동,제주시내,한식,단품요리 전문,1.04,1.44,0.01,0.04,0.17,0.52,0.09,2446,다다10a00a
202312,플레르(plaire),제주시,아라동,제주시내,한식,단품요리 전문,0.09,0.08,0,0.02,0.01,0.04,0.01,5750,다나10b99a
202312,카페클라츠,제주시,이도2동,제주시내,음료,커피,0.05,0.36,0.02,0.26,0.02,0.35,0.09,2266,다다10b00a
202312,아구사랑아귀찜본점,제주시,일도2동,제주시내,한식,단품요리 전문,0.05,0.08,0,0,0.01,0.03,-0.02,7956,다다10b02a
202312,설빙 제주아라점,제주시,아라동,제주시내,간식,아이스크림/빙수,0.94,3.85,0.01,0.11,0.16,1.38,-0.33,14184,다다10b00b
202312,대박왕갈비,제주시,일도2동,제주시내,한식,갈비,0.39,0.36,0.02,0.05,0.08,0.16,-0.03,8556,다다11a02b
202312,본가 제주아라점,제주시,아라동,제주시내,고기,소고기,1.81,1.63,0.09,0.12,0.37,0.65,-0.05,10139,다나11a99b
202312,피프틴 디그리(15 degrees),제주시,아라동,제주시내,한식,단품요리 전문,0.28,0.91,0.03,0.21,0.07,0.49,-0.36,14309,다나11b98b
