출처분류명,검색어명,검색어언급수
네이버블로그,산방산,23750
네이버블로그,성산일출봉,21582
네이버블로그,비자림,7536
네이버블로그,금오름,6800
네이버블로그,용머리해안,6794
네이버블로그,천지연폭포,6771
네이버블로그,제주관광,5772
네이버블로그,스누피가든,5064
네이버블로그,카멜리아힐,4756
네이버블로그,새별오름,4098
네이버블로그,제주도관광,3253
네이버블로그,천제연폭포,1684
네이버블로그,빛의벙커,1656
네이버블로그,981파크,1627
네이버블로그,제주캠핑,1101
네이버블로그,제주도캠핑,732
네이버블로그,여미지식물원,685
네이버블로그,메이즈랜드,660
네이버블로그,따라비오름,462
네이버블로그,제주차박,289
네이버블로그,제주실탄사격장,220
네이버블로그,궷물오름,218
네이버블로그,제주도차박,200
네이버블로그,테디베어뮤지엄제주,25
네이버카페,성산일출봉,7895
네이버카페,산방산,5728
네이버카페,비자림,2536
네이버카페,금오름,2104
네이버카페,스누피가든,1841
네이버카페,제주관광,1481
네이버카페,카멜리아힐,1432
네이버카페,용머리해안,1221
네이버카페,새별오름,1061
네이버카페,천지연폭포,1047
네이버카페,메이즈랜드,403
네이버카페,천제연폭포,345
네이버카페,981파크,317
네이버카페,빛의벙커,275
네이버카페,여미지식물원,229
네이버카페,따라비오름,178
네이버카페,궷물오름,118
네이버카페,제주캠핑,105
네이버카페,제주도관광,87
네이버카페,제주차박,36
네이버카페,제주도캠핑,28
네이버카페,제주도차박,17
네이버카페,테디베어뮤지엄제주,7
네이버카페,제주실탄사격장,6
인스타그램,성산일출봉,19726
인스타그램,스누피가든,14266
인스타그램,산방산,11780
인스타그램,카멜리아힐,10559
인스타그램,금오름,8730
인스타그램,새별오름,7536
인스타그램,비자림,7450
인스타그램,용머리해안,6873
인스타그램,천지연폭포,5963
인스타그램,981파크,5212
인스타그램,빛의벙커,5092
인스타그램,제주캠핑,4725
인스타그램,제주관광,3006
인스타그램,제주도캠핑,2619
인스타그램,제주도관광,2222
인스타그램,천제연폭포,2024
인스타그램,여미지식물원,1593
인스타그램,메이즈랜드,1442
인스타그램,따라비오름,1305
인스타그램,제주차박,777
인스타그램,궷물오름,570
인스타그램,제주도차박,232
인스타그램,제주실탄사격장,60
인스타그램,테디베어뮤지엄제주,39
트위터,성산일출봉,1581
트위터,산방산,1100
트위터,비자림,824
트위터,스누피가든,743
트위터,새별오름,465
트위터,제주관광,405
트위터,카멜리아힐,400
트위터,용머리해안,353
트위터,금오름,286
트위터,빛의벙커,260
트위터,천지연폭포,239
트위터,제주캠핑,227
트위터,제주도관광,79
트위터,981파크,69
트위터,메이즈랜드,40
트위터,제주도캠핑,37
트위터,여미지식물원,36
트위터,천제연폭포,30
트위터,따라비오름,20
트위터,제주실탄사격장,5
트위터,제주차박,2
트위터,궷물오름,1
트위터,제주도차박,0
트위터,테디베어뮤지엄제주,0
페이스북,산방산,89
페이스북,성산일출봉,14
페이스북,제주관광,10
페이스북,카멜리아힐,8
페이스북,메이즈랜드,5
페이스북,금오름,3
페이스북,스누피가든,3
페이스북,천지연폭포,3
페이스북,궷물오름,2
페이스북,빛의벙커,2
페이스북,새별오름,2
페이스북,981파크,1
페이스북,따라비오름,1
페이스북,비자림,1
페이스북,여미지식물원,1
페이스북,용머리해안,1
페이스북,제주도관광,1
페이스북,제주실탄사격장,1
페이스북,천제연폭포,1
페이스북,제주도차박,0
페이스북,제주도캠핑,0
페이스북,제주차박,0
페이스북,제주캠핑,0
페이스북,테디베어뮤지엄제주,0
