,숙박업명,긍정리뷰
13,히든 클리프 호텔 앤 네이처,친절
13,히든 클리프 호텔 앤 네이처,인피니티
13,히든 클리프 호텔 앤 네이처,방문
13,히든 클리프 호텔 앤 네이처,제주
13,히든 클리프 호텔 앤 네이처,컨디션
34,메종글래드제주,친절
34,메종글래드제주,위치
34,메종글래드제주,공항
34,메종글래드제주,제주
34,메종글래드제주,여행
36,메이더호텔,친절
36,메이더호텔,청결
36,메이더호텔,건물
36,메이더호텔,바다
36,메이더호텔,주차장
37,그라벨호텔,친절
37,그라벨호텔,편의점
37,그라벨호텔,바다
37,그라벨호텔,루프
37,그라벨호텔,가격
38,신라스테이제주,제주
38,신라스테이제주,친절
38,신라스테이제주,감사
38,신라스테이제주,분위기
38,신라스테이제주,숙박
39,베니키아호텔제주(구. 뉴베니키아호텔제주),친절
39,베니키아호텔제주(구. 뉴베니키아호텔제주),여행
39,베니키아호텔제주(구. 뉴베니키아호텔제주),방문
39,베니키아호텔제주(구. 뉴베니키아호텔제주),애월
39,베니키아호텔제주(구. 뉴베니키아호텔제주),조식
40,호텔 시리우스,제주
40,호텔 시리우스,수영장
40,호텔 시리우스,마지막
40,호텔 시리우스,친절
40,호텔 시리우스,여행
41,다인리조트,조식
41,다인리조트,바다
41,다인리조트,추억
41,다인리조트,위치
41,다인리조트,우수
42,수앤수리조트(구.수앤수가족호텔),제주
42,수앤수리조트(구.수앤수가족호텔),감사
42,수앤수리조트(구.수앤수가족호텔),수영장
42,수앤수리조트(구.수앤수가족호텔),방문
42,수앤수리조트(구.수앤수가족호텔),친절
51,라마다제주시티,친절
51,라마다제주시티,시설
51,라마다제주시티,방문
51,라마다제주시티,감사
51,라마다제주시티,한라산
52,라마다제주함덕,친절
52,라마다제주함덕,제주
52,라마다제주함덕,시설
52,라마다제주함덕,감사
52,라마다제주함덕,함덕
68,노형호텔,친절
68,노형호텔,위치
68,노형호텔,출장
68,노형호텔,제주
68,노형호텔,응대
93,호텔 위드스테이 제주,제주
93,호텔 위드스테이 제주,공항
93,호텔 위드스테이 제주,침대
93,호텔 위드스테이 제주,시내
93,호텔 위드스테이 제주,시설
111,해비치 호텔 & 리조트,수영장
111,해비치 호텔 & 리조트,여행
111,해비치 호텔 & 리조트,친절
111,해비치 호텔 & 리조트,조식
111,해비치 호텔 & 리조트,제주
113,베니키아 중문 호텔,친절
113,베니키아 중문 호텔,여행
113,베니키아 중문 호텔,청결
113,베니키아 중문 호텔,가격
113,베니키아 중문 호텔,시설
114,제주 골드원 호텔 스위트,친절
114,제주 골드원 호텔 스위트,수영장
114,제주 골드원 호텔 스위트,시설
114,제주 골드원 호텔 스위트,여행
114,제주 골드원 호텔 스위트,가족
134,호텔 앨리스 앤 트렁크,친절
134,호텔 앨리스 앤 트렁크,제주
134,호텔 앨리스 앤 트렁크,주차
134,호텔 앨리스 앤 트렁크,시설
134,호텔 앨리스 앤 트렁크,마트
135,코델리아s 호텔 앤 리조트,친절
135,코델리아s 호텔 앤 리조트,주차
135,코델리아s 호텔 앤 리조트,주차장
135,코델리아s 호텔 앤 리조트,편의점
135,코델리아s 호텔 앤 리조트,가족
138,호텔 엘르 제주,친절
138,호텔 엘르 제주,청결
138,호텔 엘르 제주,제주
138,호텔 엘르 제주,시내
138,호텔 엘르 제주,주변
148,제주 일레인 호텔,친절
148,제주 일레인 호텔,침구
148,제주 일레인 호텔,중문
148,제주 일레인 호텔,객실
148,제주 일레인 호텔,사장
150,중문 리조트,중문
150,중문 리조트,여행
150,중문 리조트,가족
150,중문 리조트,친절
150,중문 리조트,청결
153,켄싱턴리조트 서귀포,애슐리
153,켄싱턴리조트 서귀포,친절
153,켄싱턴리조트 서귀포,관리
153,켄싱턴리조트 서귀포,우수
153,켄싱턴리조트 서귀포,걱정
168,켄싱턴리조트 제주한림,친절
168,켄싱턴리조트 제주한림,위치
168,켄싱턴리조트 제주한림,리뉴
168,켄싱턴리조트 제주한림,직원
168,켄싱턴리조트 제주한림,산책
174,썬 앤 문 리조트,조식
174,썬 앤 문 리조트,친절
174,썬 앤 문 리조트,제주
174,썬 앤 문 리조트,방문
174,썬 앤 문 리조트,바다
175,호텔 스카이파크 제주 1호점,출장
175,호텔 스카이파크 제주 1호점,친절
175,호텔 스카이파크 제주 1호점,감사
175,호텔 스카이파크 제주 1호점,제주
175,호텔 스카이파크 제주 1호점,가족
15,히든 클리프 호텔 앤 네이처,객실
15,히든 클리프 호텔 앤 네이처,조식
15,히든 클리프 호텔 앤 네이처,코로나
15,히든 클리프 호텔 앤 네이처,맛집
15,히든 클리프 호텔 앤 네이처,마스크
46,메종글래드제주,여행
46,메종글래드제주,시설
46,메종글래드제주,접근성
46,메종글래드제주,공항
46,메종글래드제주,조식
48,메이더호텔,친절
48,메이더호텔,청결
48,메이더호텔,조용
48,메이더호텔,직원
48,메이더호텔,깨끗
49,그라벨호텔,온수
49,그라벨호텔,수영장
49,그라벨호텔,청결
49,그라벨호텔,제주도
49,그라벨호텔,옥상
50,아스타호텔,가격
50,아스타호텔,여행
50,아스타호텔,깔끔
50,아스타호텔,깔끔
50,아스타호텔,시내
50,아스타호텔,침대
51,신라스테이제주,침구
51,신라스테이제주,깔끔
51,신라스테이제주,깔끔
51,신라스테이제주,시설
51,신라스테이제주,인터파크
51,신라스테이제주,시내
52,베니키아호텔제주(구. 뉴베니키아호텔제주),여행
52,베니키아호텔제주(구. 뉴베니키아호텔제주),수영장
52,베니키아호텔제주(구. 뉴베니키아호텔제주),애월
52,베니키아호텔제주(구. 뉴베니키아호텔제주),따뜻
52,베니키아호텔제주(구. 뉴베니키아호텔제주),따뜻
52,베니키아호텔제주(구. 뉴베니키아호텔제주),온도
53,호텔더원,제주도
53,호텔더원,친절
53,호텔더원,깨끗
53,호텔더원,여행
53,호텔더원,컨디션
54,호텔난타,여행
54,호텔난타,가족
54,호텔난타,난타
54,호텔난타,사용
54,호텔난타,소리
56,호텔 시리우스,수영장
56,호텔 시리우스,여행
56,호텔 시리우스,컨디션
56,호텔 시리우스,수영
56,호텔 시리우스,제주도
57,다인리조트,깨끗
57,다인리조트,여행
57,다인리조트,수영장
57,다인리조트,바다
57,다인리조트,라이브
58,올레리조트,수영장
58,올레리조트,가족
58,올레리조트,올레
58,올레리조트,아이들
58,올레리조트,아이들
58,올레리조트,동남아
59,수앤수리조트(구.수앤수가족호텔),깔끔
59,수앤수리조트(구.수앤수가족호텔),깔끔
59,수앤수리조트(구.수앤수가족호텔),사용
59,수앤수리조트(구.수앤수가족호텔),준비
59,수앤수리조트(구.수앤수가족호텔),가격
59,수앤수리조트(구.수앤수가족호텔),객실
70,라마다제주시티,가격
70,라마다제주시티,깔끔
70,라마다제주시티,깔끔
70,라마다제주시티,여행
70,라마다제주시티,시내
70,라마다제주시티,맛집
71,라마다제주함덕,가격
71,라마다제주함덕,에어컨
71,라마다제주함덕,이불
71,라마다제주함덕,도움
71,라마다제주함덕,해수욕장
72,호텔 케니 서귀포,깔끔
72,호텔 케니 서귀포,깔끔
72,호텔 케니 서귀포,주차
72,호텔 케니 서귀포,여행
72,호텔 케니 서귀포,위생
72,호텔 케니 서귀포,공영
95,노형호텔,친절
95,노형호텔,직원
95,노형호텔,응대
95,노형호텔,청결
95,노형호텔,당일
127,호텔 위드스테이 제주,건물
127,호텔 위드스테이 제주,직원
127,호텔 위드스테이 제주,가능
127,호텔 위드스테이 제주,로비
127,호텔 위드스테이 제주,청결
146,해비치 호텔 & 리조트,신혼여행
146,해비치 호텔 & 리조트,제
146,해비치 호텔 & 리조트,가
146,해비치 호텔 & 리조트,객실
146,해비치 호텔 & 리조트,음식
146,해비치 호텔 & 리조트,침대
148,베니키아 중문 호텔,시설
148,베니키아 중문 호텔,친절
148,베니키아 중문 호텔,깨끗
148,베니키아 중문 호텔,청결
148,베니키아 중문 호텔,화장실
149,제주 골드원 호텔 스위트,직원
149,제주 골드원 호텔 스위트,만점
149,제주 골드원 호텔 스위트,아이들
149,제주 골드원 호텔 스위트,아이들
149,제주 골드원 호텔 스위트,치킨
149,제주 골드원 호텔 스위트,야외
170,호텔 앨리스 앤 트렁크,깨끗
170,호텔 앨리스 앤 트렁크,기분
170,호텔 앨리스 앤 트렁크,공유
170,호텔 앨리스 앤 트렁크,마트
170,호텔 앨리스 앤 트렁크,고급
171,호텔 레오 제주,스타일
171,호텔 레오 제주,깔끔
171,호텔 레오 제주,깔끔
171,호텔 레오 제주,청결
171,호텔 레오 제주,시설
171,호텔 레오 제주,가능
172,호텔 에어시티 제주,가족
172,호텔 에어시티 제주,먼지
172,호텔 에어시티 제주,온돌방
172,호텔 에어시티 제주,온돌
172,호텔 에어시티 제주,주차장
173,코델리아s 호텔 앤 리조트,객실
173,코델리아s 호텔 앤 리조트,청결
173,코델리아s 호텔 앤 리조트,별관
173,코델리아s 호텔 앤 리조트,프론트
173,코델리아s 호텔 앤 리조트,수영장
179,돔베리조트,깔끔
179,돔베리조트,깔끔
179,돔베리조트,사용
179,돔베리조트,올레길
179,돔베리조트,사진
179,돔베리조트,아침
189,제주 일레인 호텔,친절
189,제주 일레인 호텔,일레인
189,제주 일레인 호텔,샤워기
189,제주 일레인 호텔,샤워기
189,제주 일레인 호텔,깨끗
189,제주 일레인 호텔,바닥
191,중문 리조트,취소
191,중문 리조트,가격
191,중문 리조트,조용
191,중문 리조트,공간
191,중문 리조트,단체
194,켄싱턴리조트 서귀포,시설
194,켄싱턴리조트 서귀포,저렴
194,켄싱턴리조트 서귀포,노후
194,켄싱턴리조트 서귀포,강정
194,켄싱턴리조트 서귀포,창문
212,켄싱턴리조트 제주한림,친절
212,켄싱턴리조트 제주한림,조식
212,켄싱턴리조트 제주한림,직원
212,켄싱턴리조트 제주한림,냄새
212,켄싱턴리조트 제주한림,무료
219,썬 앤 문 리조트,시설
219,썬 앤 문 리조트,사진
219,썬 앤 문 리조트,친절
219,썬 앤 문 리조트,제주도
219,썬 앤 문 리조트,제공
220,더 그랜드 섬오름,직원
220,더 그랜드 섬오름,친절
220,더 그랜드 섬오름,깔끔
220,더 그랜드 섬오름,깔끔
220,더 그랜드 섬오름,사진
220,더 그랜드 섬오름,해변
221,호텔 스카이파크 제주 1호점,하루
221,호텔 스카이파크 제주 1호점,조용
221,호텔 스카이파크 제주 1호점,가족
221,호텔 스카이파크 제주 1호점,장점
221,호텔 스카이파크 제주 1호점,비행기
244,제주썬 호텔,처음
244,제주썬 호텔,가격
244,제주썬 호텔,타오
244,제주썬 호텔,체크아웃
244,제주썬 호텔,수압
249,한림 리조트,제주도
249,한림 리조트,여행
249,한림 리조트,가족
249,한림 리조트,화장실
249,한림 리조트,로비
253,플레이스 캠프 제주,도레
253,플레이스 캠프 제주,냉장고
253,플레이스 캠프 제주,방음
253,플레이스 캠프 제주,비티
253,플레이스 캠프 제주,침대
260,어반스테이 제주연동,요리
260,어반스테이 제주연동,테라스
260,어반스테이 제주연동,의자
260,어반스테이 제주연동,기구
260,어반스테이 제주연동,커텐
269,파크 선샤인 제주,주차
269,파크 선샤인 제주,시장
269,파크 선샤인 제주,여행
269,파크 선샤인 제주,서귀포시
269,파크 선샤인 제주,기억
271,호텔 케니 모슬포,깨끗
271,호텔 케니 모슬포,체크아웃
271,호텔 케니 모슬포,침구
271,호텔 케니 모슬포,여행
271,호텔 케니 모슬포,참고
